datetime: 2014-01-01 00:00:00 ,level: 6 ,nearest: |[4.0882, 5.625]| ,std: 0.0 ,rms: nan
datetime: 2014-01-01 00:00:00 ,level: 7 ,nearest: |[2.0441, 2.8125]| ,std: 12.528650325606081 ,rms: nan
datetime: 2014-01-01 00:00:00 ,level: 8 ,nearest: |[1.0146, 1.40625]| ,std: 27.447195833772874 ,rms: nan
datetime: 2014-01-01 00:00:00 ,level: 9 ,nearest: |[0.50541, 0.70312]| ,std: 32.529373226392366 ,rms: nan
datetime: 2014-01-01 00:00:00 ,level: 10 ,nearest: |[0.25223, 0.35156]| ,std: 31.271348986008078 ,rms: 7406.1783881623851
datetime: 2014-01-01 00:00:00 ,level: 11 ,nearest: |[0.12612, 0.17578]| ,std: 31.552504096395015 ,rms: 7138.2271547821947
datetime: 2014-01-01 00:00:00 ,level: 12 ,nearest: |[0.06303, 0.08789]| ,std: 31.489792864727189 ,rms: 3997.9776876964802
datetime: 2014-01-01 00:00:00 ,level: 13 ,nearest: |[0.03151, 0.04395]| ,std: 31.484985937882584 ,rms: 2946.994731224328
datetime: 2014-01-01 00:00:00 ,level: 14 ,nearest: |[0.01575, 0.02197]| ,std: 31.480698739675493 ,rms: nan
datetime: 2014-01-01 00:00:00 ,level: 15 ,nearest: |[0.00788, 0.01099]| ,std: 31.482432859842753 ,rms: nan
datetime: 2014-01-01 00:00:00 ,level: 16 ,nearest: |[0.00394, 0.00549]| ,std: 31.482596149554709 ,rms: nan
datetime: 2014-01-01 00:00:00 ,level: 17 ,nearest: |[0.00197, 0.00275]| ,std: 31.482674845930863 ,rms: nan
datetime: 2014-01-01 00:00:00 ,level: 18 ,nearest: |[0.00098, 0.00137]| ,std: 31.482706629084543 ,rms: nan
datetime: 2014-01-01 00:00:00 ,level: 6 ,nearest: |[4.0882, 5.625]| ,std: 46.594146523806018 ,rms: 165321.61520858496
datetime: 2014-01-01 00:00:00 ,level: 7 ,nearest: |[2.0441, 2.8125]| ,std: 45.356486011553493 ,rms: 261599.23228571386
datetime: 2014-01-01 00:00:00 ,level: 8 ,nearest: |[1.0146, 1.40625]| ,std: 45.10888941495265 ,rms: 232048.43553077028
datetime: 2014-01-01 00:00:00 ,level: 9 ,nearest: |[0.50541, 0.70312]| ,std: 44.983508858313897 ,rms: 162992.62308691285
datetime: 2014-01-01 00:00:00 ,level: 10 ,nearest: |[0.25223, 0.35156]| ,std: 44.982417633379619 ,rms: 163284.66430669167
datetime: 2014-01-01 00:00:00 ,level: 11 ,nearest: |[0.12612, 0.17578]| ,std: 44.99042198667896 ,rms: 200422.22579402779
datetime: 2014-01-01 00:00:00 ,level: 12 ,nearest: |[0.06303, 0.08789]| ,std: 44.989784384360533 ,rms: 237916.28118758998
datetime: 2014-01-01 00:00:00 ,level: 13 ,nearest: |[0.03151, 0.04395]| ,std: 44.98867010258045 ,rms: 233612.30280508037
datetime: 2014-01-01 00:00:00 ,level: 14 ,nearest: |[0.01575, 0.02197]| ,std: 44.988472487140953 ,rms: 229884.02358056273
datetime: 2014-01-01 00:00:00 ,level: 15 ,nearest: |[0.00788, 0.01099]| ,std: 44.98846926236093 ,rms: 229681.42358249082
datetime: 2014-01-01 00:00:00 ,level: 6 ,nearest: |[4.0882, 5.625]| ,std: 5.4271355788147115 ,rms: nan
datetime: 2014-01-01 00:00:00 ,level: 7 ,nearest: |[2.0441, 2.8125]| ,std: 4.361537986277523 ,rms: nan
datetime: 2014-01-01 00:00:00 ,level: 8 ,nearest: |[1.0146, 1.40625]| ,std: 4.8401105841069816 ,rms: nan
datetime: 2014-01-01 00:00:00 ,level: 9 ,nearest: |[0.50541, 0.70312]| ,std: 5.1414545907685341 ,rms: nan
datetime: 2014-01-01 00:00:00 ,level: 10 ,nearest: |[0.25223, 0.35156]| ,std: 5.1558426996783986 ,rms: nan
datetime: 2014-01-01 00:00:00 ,level: 11 ,nearest: |[0.12612, 0.17578]| ,std: 5.1503000128982643 ,rms: nan
datetime: 2014-01-01 00:00:00 ,level: 12 ,nearest: |[0.06303, 0.08789]| ,std: 5.1560190805985737 ,rms: nan
datetime: 2014-01-01 00:00:00 ,level: 13 ,nearest: |[0.03151, 0.04395]| ,std: 5.1596617352590064 ,rms: nan
datetime: 2014-01-01 00:00:00 ,level: 14 ,nearest: |[0.01575, 0.02197]| ,std: 5.1591837491654324 ,rms: nan
datetime: 2014-01-01 00:00:00 ,level: 15 ,nearest: |[0.00788, 0.01099]| ,std: 5.1591532993675164 ,rms: nan
datetime: 2014-01-01 00:00:00 ,level: 16 ,nearest: |[0.00394, 0.00549]| ,std: 5.15906715312647 ,rms: nan
datetime: 2014-01-01 00:00:00 ,level: 17 ,nearest: |[0.00197, 0.00275]| ,std: 5.1590564279154734 ,rms: nan
datetime: 2014-01-01 00:00:00 ,level: 18 ,nearest: |[0.00098, 0.00137]| ,std: 5.159055445786672 ,rms: nan
datetime: 2014-01-01 00:00:00 ,level: 6 ,nearest: |[4.0882, 5.625]| ,std: 6.0855015651691842 ,rms: nan
datetime: 2014-01-01 00:00:00 ,level: 7 ,nearest: |[2.0441, 2.8125]| ,std: 4.6723086237165319 ,rms: 31.064583507069919
datetime: 2014-01-01 00:00:00 ,level: 8 ,nearest: |[1.0146, 1.40625]| ,std: 4.6348687411573275 ,rms: 21.062066296664472
datetime: 2014-01-01 00:00:00 ,level: 9 ,nearest: |[0.50541, 0.70312]| ,std: 4.9703380588342103 ,rms: 17.473972112723807
datetime: 2014-01-01 00:00:00 ,level: 10 ,nearest: |[0.25223, 0.35156]| ,std: 4.9177090265198 ,rms: 19.34225013317737
datetime: 2014-01-01 00:00:00 ,level: 11 ,nearest: |[0.12612, 0.17578]| ,std: 4.9074193237028361 ,rms: 25.450298336177276
datetime: 2014-01-01 00:00:00 ,level: 12 ,nearest: |[0.06303, 0.08789]| ,std: 4.912660849202144 ,rms: 24.200687833229999
datetime: 2014-01-01 00:00:00 ,level: 13 ,nearest: |[0.03151, 0.04395]| ,std: 4.9146079885189318 ,rms: 22.532981363746053
datetime: 2014-01-01 00:00:00 ,level: 14 ,nearest: |[0.01575, 0.02197]| ,std: 4.9148692857140661 ,rms: 21.4827386013412
datetime: 2014-01-01 00:00:00 ,level: 15 ,nearest: |[0.00788, 0.01099]| ,std: 4.9148335975206825 ,rms: 21.503323920918522
datetime: 2014-01-01 00:00:00 ,level: 16 ,nearest: |[0.00394, 0.00549]| ,std: 4.9147986271904056 ,rms: 21.334569835543586
datetime: 2014-01-01 00:00:00 ,level: 17 ,nearest: |[0.00197, 0.00275]| ,std: 4.9147814610729625 ,rms: 21.187047141574674
datetime: 2014-01-01 00:00:00 ,level: 18 ,nearest: |[0.00098, 0.00137]| ,std: 4.9147819720132206 ,rms: 21.128428282905087
datetime: 2014-01-01 00:00:00 ,level: 6 ,nearest: |[4.0882, 5.625]| ,std: 6.0856508849842097 ,rms: nan
datetime: 2014-01-01 00:00:00 ,level: 7 ,nearest: |[2.0441, 2.8125]| ,std: 4.7221473395205971 ,rms: nan
datetime: 2014-01-01 00:00:00 ,level: 8 ,nearest: |[1.0146, 1.40625]| ,std: 4.5721712238190175 ,rms: 15.845510098463709
datetime: 2014-01-01 00:00:00 ,level: 9 ,nearest: |[0.50541, 0.70312]| ,std: 4.8926567163171599 ,rms: 27.792905863097438
datetime: 2014-01-01 00:00:00 ,level: 10 ,nearest: |[0.25223, 0.35156]| ,std: 4.8479707569252923 ,rms: 17.871954954441058
datetime: 2014-01-01 00:00:00 ,level: 11 ,nearest: |[0.12612, 0.17578]| ,std: 4.8381389784678825 ,rms: 14.902464767461572
datetime: 2014-01-01 00:00:00 ,level: 12 ,nearest: |[0.06303, 0.08789]| ,std: 4.8434570001167936 ,rms: 13.260824887859812
datetime: 2014-01-01 00:00:00 ,level: 13 ,nearest: |[0.03151, 0.04395]| ,std: 4.8454390099575297 ,rms: 13.243384482157103
datetime: 2014-01-01 00:00:00 ,level: 14 ,nearest: |[0.01575, 0.02197]| ,std: 4.8456897166091926 ,rms: 12.95620875482852
datetime: 2014-01-01 00:00:00 ,level: 15 ,nearest: |[0.00788, 0.01099]| ,std: 4.8456574914135873 ,rms: 12.880626979466555
datetime: 2014-01-01 00:00:00 ,level: 16 ,nearest: |[0.00394, 0.00549]| ,std: 4.8456226369922275 ,rms: 12.872184583325708
datetime: 2014-01-01 00:00:00 ,level: 17 ,nearest: |[0.00197, 0.00275]| ,std: 4.8456052523945798 ,rms: 12.848213673561954
datetime: 2014-01-01 00:00:00 ,level: 18 ,nearest: |[0.00098, 0.00137]| ,std: 4.8456057655884113 ,rms: 12.856023788666732
datetime: 2014-01-01 00:00:00 ,level: 6 ,nearest: |[4.0882, 5.625]| ,std: 6.0855015651691851 ,rms: nan
datetime: 2014-01-01 00:00:00 ,level: 7 ,nearest: |[2.0441, 2.8125]| ,std: 4.5409851048367686 ,rms: nan
datetime: 2014-01-01 00:00:00 ,level: 8 ,nearest: |[1.0146, 1.40625]| ,std: 4.6271498716389328 ,rms: 15.574659771073311
datetime: 2014-01-01 00:00:00 ,level: 9 ,nearest: |[0.50541, 0.70312]| ,std: 4.9268380767855966 ,rms: 18.00447183618974
datetime: 2014-01-01 00:00:00 ,level: 10 ,nearest: |[0.25223, 0.35156]| ,std: 4.8883369421271201 ,rms: 23.409153900612012
datetime: 2014-01-01 00:00:00 ,level: 11 ,nearest: |[0.12612, 0.17578]| ,std: 4.8871089786142798 ,rms: 12.245002935042649
datetime: 2014-01-01 00:00:00 ,level: 12 ,nearest: |[0.06303, 0.08789]| ,std: 4.8925502135215053 ,rms: 10.134997398471885
datetime: 2014-01-01 00:00:00 ,level: 13 ,nearest: |[0.03151, 0.04395]| ,std: 4.8945649265003253 ,rms: 8.1449711311345876
datetime: 2014-01-01 00:00:00 ,level: 14 ,nearest: |[0.01575, 0.02197]| ,std: 4.8948583467299773 ,rms: 6.6641024272838738
datetime: 2014-01-01 00:00:00 ,level: 15 ,nearest: |[0.00788, 0.01099]| ,std: 4.8948389769713874 ,rms: 6.4998395413150947
datetime: 2014-01-01 00:00:00 ,level: 16 ,nearest: |[0.00394, 0.00549]| ,std: 4.8947982116264237 ,rms: 6.09994002681771
datetime: 2014-01-01 00:00:00 ,level: 17 ,nearest: |[0.00197, 0.00275]| ,std: 4.8947817783464576 ,rms: 6.0638278836679103
datetime: 2014-01-01 00:00:00 ,level: 18 ,nearest: |[0.00098, 0.00137]| ,std: 4.8947823604829939 ,rms: 6.0294198007726516
datetime: 2014-01-01 00:00:00 ,level: 6 ,nearest: |[4.0882, 5.625]| ,std: 6.1775229244700691 ,rms: nan
datetime: 2014-01-01 00:00:00 ,level: 7 ,nearest: |[2.0441, 2.8125]| ,std: 4.5874489028186902 ,rms: nan
datetime: 2014-01-01 00:00:00 ,level: 8 ,nearest: |[1.0146, 1.40625]| ,std: 4.5609082783045185 ,rms: 19.311942220666189
datetime: 2014-01-01 00:00:00 ,level: 9 ,nearest: |[0.50541, 0.70312]| ,std: 4.8498301230394789 ,rms: 18.090614322392135
datetime: 2014-01-01 00:00:00 ,level: 10 ,nearest: |[0.25223, 0.35156]| ,std: 4.7884828042132579 ,rms: 21.262855231339387
datetime: 2014-01-01 00:00:00 ,level: 11 ,nearest: |[0.12612, 0.17578]| ,std: 4.7800804865344277 ,rms: 24.718898380208536
datetime: 2014-01-01 00:00:00 ,level: 12 ,nearest: |[0.06303, 0.08789]| ,std: 4.7856408854215635 ,rms: 26.737836501952053
datetime: 2014-01-01 00:00:00 ,level: 13 ,nearest: |[0.03151, 0.04395]| ,std: 4.7875983647616085 ,rms: 28.251985855999386
datetime: 2014-01-01 00:00:00 ,level: 14 ,nearest: |[0.01575, 0.02197]| ,std: 4.7878648762943294 ,rms: 28.244143570627859
datetime: 2014-01-01 00:00:00 ,level: 15 ,nearest: |[0.00788, 0.01099]| ,std: 4.787823676942212 ,rms: 28.607030165673017
datetime: 2014-01-01 00:00:00 ,level: 16 ,nearest: |[0.00394, 0.00549]| ,std: 4.7877890880415439 ,rms: 28.863631674413529
datetime: 2014-01-01 00:00:00 ,level: 17 ,nearest: |[0.00197, 0.00275]| ,std: 4.7877714969196097 ,rms: 28.89943284305652
datetime: 2014-01-01 00:00:00 ,level: 18 ,nearest: |[0.00098, 0.00137]| ,std: 4.787772052665189 ,rms: 28.967900808332011
datetime: 2014-01-01 01:00:00 ,level: 6 ,nearest: |[4.0882, 5.625]| ,std: 4.170609464260731 ,rms: nan
datetime: 2014-01-01 01:00:00 ,level: 7 ,nearest: |[2.0441, 2.8125]| ,std: 4.0179368717738688 ,rms: nan
datetime: 2014-01-01 01:00:00 ,level: 8 ,nearest: |[1.0146, 1.40625]| ,std: 4.3732383351415711 ,rms: nan
datetime: 2014-01-01 01:00:00 ,level: 9 ,nearest: |[0.50541, 0.70312]| ,std: 4.6488958789073216 ,rms: nan
datetime: 2014-01-01 01:00:00 ,level: 10 ,nearest: |[0.25223, 0.35156]| ,std: 4.6540265220929138 ,rms: nan
datetime: 2014-01-01 01:00:00 ,level: 11 ,nearest: |[0.12612, 0.17578]| ,std: 4.6464281590276402 ,rms: nan
datetime: 2014-01-01 01:00:00 ,level: 12 ,nearest: |[0.06303, 0.08789]| ,std: 4.6496315603200529 ,rms: nan
datetime: 2014-01-01 01:00:00 ,level: 13 ,nearest: |[0.03151, 0.04395]| ,std: 4.6496681988049904 ,rms: nan
datetime: 2014-01-01 01:00:00 ,level: 14 ,nearest: |[0.01575, 0.02197]| ,std: 4.6499342431331403 ,rms: nan
datetime: 2014-01-01 01:00:00 ,level: 15 ,nearest: |[0.00788, 0.01099]| ,std: 4.6498953207237843 ,rms: 17.6175994015329
datetime: 2014-01-01 01:00:00 ,level: 16 ,nearest: |[0.00394, 0.00549]| ,std: 4.6498865320216591 ,rms: 16.07496169387813
datetime: 2014-01-01 01:00:00 ,level: 17 ,nearest: |[0.00197, 0.00275]| ,std: 4.649880689683747 ,rms: 16.128034688258474
datetime: 2014-01-01 01:00:00 ,level: 18 ,nearest: |[0.00098, 0.00137]| ,std: 4.6498806441961147 ,rms: 15.826763787506621
datetime: 2014-01-01 01:00:00 ,level: 6 ,nearest: |[4.0882, 5.625]| ,std: 4.9897603125920789 ,rms: nan
datetime: 2014-01-01 01:00:00 ,level: 7 ,nearest: |[2.0441, 2.8125]| ,std: 3.9530396042930813 ,rms: nan
datetime: 2014-01-01 01:00:00 ,level: 8 ,nearest: |[1.0146, 1.40625]| ,std: 4.1196049288872443 ,rms: nan
datetime: 2014-01-01 01:00:00 ,level: 9 ,nearest: |[0.50541, 0.70312]| ,std: 4.1210322693348784 ,rms: nan
datetime: 2014-01-01 01:00:00 ,level: 10 ,nearest: |[0.25223, 0.35156]| ,std: 4.0256304741817752 ,rms: nan
datetime: 2014-01-01 01:00:00 ,level: 11 ,nearest: |[0.12612, 0.17578]| ,std: 4.0203297467450305 ,rms: nan
datetime: 2014-01-01 01:00:00 ,level: 12 ,nearest: |[0.06303, 0.08789]| ,std: 4.0249985317049601 ,rms: nan
datetime: 2014-01-01 01:00:00 ,level: 13 ,nearest: |[0.03151, 0.04395]| ,std: 4.0259449039136159 ,rms: nan
datetime: 2014-01-01 01:00:00 ,level: 14 ,nearest: |[0.01575, 0.02197]| ,std: 4.0259500426905888 ,rms: nan
datetime: 2014-01-01 01:00:00 ,level: 15 ,nearest: |[0.00788, 0.01099]| ,std: 4.026096299464716 ,rms: nan
datetime: 2014-01-01 01:00:00 ,level: 16 ,nearest: |[0.00394, 0.00549]| ,std: 4.0260225775438636 ,rms: nan
datetime: 2014-01-01 01:00:00 ,level: 17 ,nearest: |[0.00197, 0.00275]| ,std: 4.0260293876955506 ,rms: nan
datetime: 2014-01-01 01:00:00 ,level: 18 ,nearest: |[0.00098, 0.00137]| ,std: 4.0260316177588917 ,rms: nan
datetime: 2014-01-01 01:00:00 ,level: 6 ,nearest: |[4.0882, 5.625]| ,std: 4.170609464260731 ,rms: nan
datetime: 2014-01-01 01:00:00 ,level: 7 ,nearest: |[2.0441, 2.8125]| ,std: 3.8863398417769708 ,rms: nan
datetime: 2014-01-01 01:00:00 ,level: 8 ,nearest: |[1.0146, 1.40625]| ,std: 4.8109720530626472 ,rms: nan
datetime: 2014-01-01 01:00:00 ,level: 9 ,nearest: |[0.50541, 0.70312]| ,std: 5.1490483556886053 ,rms: nan
datetime: 2014-01-01 01:00:00 ,level: 10 ,nearest: |[0.25223, 0.35156]| ,std: 5.1349312545988335 ,rms: nan
datetime: 2014-01-01 01:00:00 ,level: 11 ,nearest: |[0.12612, 0.17578]| ,std: 5.1328225091247672 ,rms: nan
datetime: 2014-01-01 01:00:00 ,level: 12 ,nearest: |[0.06303, 0.08789]| ,std: 5.1356199074696294 ,rms: nan
datetime: 2014-01-01 01:00:00 ,level: 13 ,nearest: |[0.03151, 0.04395]| ,std: 5.1356338373968979 ,rms: 14.137834017264932
datetime: 2014-01-01 01:00:00 ,level: 14 ,nearest: |[0.01575, 0.02197]| ,std: 5.1358773707539829 ,rms: 14.59325241210578
datetime: 2014-01-01 01:00:00 ,level: 15 ,nearest: |[0.00788, 0.01099]| ,std: 5.1358388291748751 ,rms: 13.800116736134509
datetime: 2014-01-01 01:00:00 ,level: 16 ,nearest: |[0.00394, 0.00549]| ,std: 5.1358294321314144 ,rms: 14.022201881050716
datetime: 2014-01-01 01:00:00 ,level: 17 ,nearest: |[0.00197, 0.00275]| ,std: 5.1358244722142983 ,rms: 14.148279380399524
datetime: 2014-01-01 01:00:00 ,level: 18 ,nearest: |[0.00098, 0.00137]| ,std: 5.1358242345268819 ,rms: 14.128344674966787
datetime: 2014-01-01 01:00:00 ,level: 6 ,nearest: |[4.0882, 5.625]| ,std: 3.9801453043005104 ,rms: nan
datetime: 2014-01-01 01:00:00 ,level: 7 ,nearest: |[2.0441, 2.8125]| ,std: 3.902465068168449 ,rms: 33.55129179416479
datetime: 2014-01-01 01:00:00 ,level: 8 ,nearest: |[1.0146, 1.40625]| ,std: 4.2955072114576494 ,rms: nan
datetime: 2014-01-01 01:00:00 ,level: 9 ,nearest: |[0.50541, 0.70312]| ,std: 4.5643908757863718 ,rms: 14.718290096598722
datetime: 2014-01-01 01:00:00 ,level: 10 ,nearest: |[0.25223, 0.35156]| ,std: 4.5857478668194434 ,rms: 17.997821580220197
datetime: 2014-01-01 01:00:00 ,level: 11 ,nearest: |[0.12612, 0.17578]| ,std: 4.5785925218446657 ,rms: 16.274594622099194
datetime: 2014-01-01 01:00:00 ,level: 12 ,nearest: |[0.06303, 0.08789]| ,std: 4.5822763208193438 ,rms: 16.010575046080994
datetime: 2014-01-01 01:00:00 ,level: 13 ,nearest: |[0.03151, 0.04395]| ,std: 4.5822701273873374 ,rms: 14.822563010270253
datetime: 2014-01-01 01:00:00 ,level: 14 ,nearest: |[0.01575, 0.02197]| ,std: 4.5825256580756095 ,rms: 14.235332351249635
datetime: 2014-01-01 01:00:00 ,level: 15 ,nearest: |[0.00788, 0.01099]| ,std: 4.582486384657507 ,rms: 14.252753286755313
datetime: 2014-01-01 01:00:00 ,level: 16 ,nearest: |[0.00394, 0.00549]| ,std: 4.5824773402287242 ,rms: 14.027059606256291
datetime: 2014-01-01 01:00:00 ,level: 17 ,nearest: |[0.00197, 0.00275]| ,std: 4.5824715061682335 ,rms: 14.048180511369646
datetime: 2014-01-01 01:00:00 ,level: 18 ,nearest: |[0.00098, 0.00137]| ,std: 4.582471454631718 ,rms: 14.017819957438453
datetime: 2014-01-01 01:00:00 ,level: 6 ,nearest: |[4.0882, 5.625]| ,std: 4.170609464260731 ,rms: nan
datetime: 2014-01-01 01:00:00 ,level: 7 ,nearest: |[2.0441, 2.8125]| ,std: 4.0102074233951157 ,rms: nan
datetime: 2014-01-01 01:00:00 ,level: 8 ,nearest: |[1.0146, 1.40625]| ,std: 4.4927174778597339 ,rms: nan
datetime: 2014-01-01 01:00:00 ,level: 9 ,nearest: |[0.50541, 0.70312]| ,std: 4.6554815535623986 ,rms: nan
datetime: 2014-01-01 01:00:00 ,level: 10 ,nearest: |[0.25223, 0.35156]| ,std: 4.6591826205348923 ,rms: nan
datetime: 2014-01-01 01:00:00 ,level: 11 ,nearest: |[0.12612, 0.17578]| ,std: 4.6421103389842537 ,rms: nan
datetime: 2014-01-01 01:00:00 ,level: 12 ,nearest: |[0.06303, 0.08789]| ,std: 4.6463737119903561 ,rms: nan
datetime: 2014-01-01 01:00:00 ,level: 13 ,nearest: |[0.03151, 0.04395]| ,std: 4.6463029474995601 ,rms: nan
datetime: 2014-01-01 01:00:00 ,level: 14 ,nearest: |[0.01575, 0.02197]| ,std: 4.646625506847581 ,rms: nan
datetime: 2014-01-01 01:00:00 ,level: 15 ,nearest: |[0.00788, 0.01099]| ,std: 4.6465971805880315 ,rms: nan
datetime: 2014-01-01 01:00:00 ,level: 16 ,nearest: |[0.00394, 0.00549]| ,std: 4.6465751904588233 ,rms: nan
datetime: 2014-01-01 01:00:00 ,level: 17 ,nearest: |[0.00197, 0.00275]| ,std: 4.6465777542583293 ,rms: nan
datetime: 2014-01-01 01:00:00 ,level: 18 ,nearest: |[0.00098, 0.00137]| ,std: 4.6465763370836664 ,rms: nan
datetime: 2014-01-01 02:00:00 ,level: 6 ,nearest: |[4.0882, 5.625]| ,std: 4.6894348606036793 ,rms: 9.4869678009286158
datetime: 2014-01-01 02:00:00 ,level: 7 ,nearest: |[2.0441, 2.8125]| ,std: 3.9626593604475695 ,rms: 53.855650459013404
datetime: 2014-01-01 02:00:00 ,level: 8 ,nearest: |[1.0146, 1.40625]| ,std: 3.9381961698596299 ,rms: 22.554435867624285
datetime: 2014-01-01 02:00:00 ,level: 9 ,nearest: |[0.50541, 0.70312]| ,std: 4.2280233690939824 ,rms: 9.8569287373466601
datetime: 2014-01-01 02:00:00 ,level: 10 ,nearest: |[0.25223, 0.35156]| ,std: 4.263303279561228 ,rms: 7.5355999756872807
datetime: 2014-01-01 02:00:00 ,level: 11 ,nearest: |[0.12612, 0.17578]| ,std: 4.2747007993666069 ,rms: 8.5776259372385493
datetime: 2014-01-01 02:00:00 ,level: 12 ,nearest: |[0.06303, 0.08789]| ,std: 4.2767151331516571 ,rms: 9.6426339179421277
datetime: 2014-01-01 02:00:00 ,level: 13 ,nearest: |[0.03151, 0.04395]| ,std: 4.2766682383807773 ,rms: 9.8689821862184619
datetime: 2014-01-01 02:00:00 ,level: 14 ,nearest: |[0.01575, 0.02197]| ,std: 4.2765996577928309 ,rms: 10.013098227353025
datetime: 2014-01-01 02:00:00 ,level: 15 ,nearest: |[0.00788, 0.01099]| ,std: 4.2766173141248522 ,rms: 9.8609308886166609
datetime: 2014-01-01 02:00:00 ,level: 16 ,nearest: |[0.00394, 0.00549]| ,std: 4.2766115000369584 ,rms: 9.9085960284959391
datetime: 2014-01-01 02:00:00 ,level: 17 ,nearest: |[0.00197, 0.00275]| ,std: 4.2766167335252874 ,rms: 9.8744623782478325
datetime: 2014-01-01 02:00:00 ,level: 18 ,nearest: |[0.00098, 0.00137]| ,std: 4.2766167269535105 ,rms: 9.9060665104385031
datetime: 2014-01-01 02:00:00 ,level: 6 ,nearest: |[4.0882, 5.625]| ,std: 4.6894348606036793 ,rms: nan
datetime: 2014-01-01 02:00:00 ,level: 7 ,nearest: |[2.0441, 2.8125]| ,std: 3.8110266262585712 ,rms: nan
datetime: 2014-01-01 02:00:00 ,level: 8 ,nearest: |[1.0146, 1.40625]| ,std: 3.9094313344808387 ,rms: nan
datetime: 2014-01-01 02:00:00 ,level: 9 ,nearest: |[0.50541, 0.70312]| ,std: 4.0798965797480795 ,rms: nan
datetime: 2014-01-01 02:00:00 ,level: 10 ,nearest: |[0.25223, 0.35156]| ,std: 4.0964430368262414 ,rms: nan
datetime: 2014-01-01 02:00:00 ,level: 11 ,nearest: |[0.12612, 0.17578]| ,std: 4.1013620905433195 ,rms: nan
datetime: 2014-01-01 02:00:00 ,level: 12 ,nearest: |[0.06303, 0.08789]| ,std: 4.1024989379573658 ,rms: nan
datetime: 2014-01-01 02:00:00 ,level: 13 ,nearest: |[0.03151, 0.04395]| ,std: 4.1023145847265949 ,rms: nan
datetime: 2014-01-01 02:00:00 ,level: 14 ,nearest: |[0.01575, 0.02197]| ,std: 4.1022008385934061 ,rms: nan
datetime: 2014-01-01 02:00:00 ,level: 15 ,nearest: |[0.00788, 0.01099]| ,std: 4.1022205987816962 ,rms: 66.119835172531864
datetime: 2014-01-01 02:00:00 ,level: 16 ,nearest: |[0.00394, 0.00549]| ,std: 4.1022143383086638 ,rms: 65.949757395094935
datetime: 2014-01-01 02:00:00 ,level: 17 ,nearest: |[0.00197, 0.00275]| ,std: 4.1022194835456069 ,rms: 66.204936834592758
datetime: 2014-01-01 02:00:00 ,level: 18 ,nearest: |[0.00098, 0.00137]| ,std: 4.1022195609163239 ,rms: 66.259306663797389
datetime: 2014-01-01 02:00:00 ,level: 6 ,nearest: |[4.0882, 5.625]| ,std: 4.7355081929959093 ,rms: nan
datetime: 2014-01-01 02:00:00 ,level: 7 ,nearest: |[2.0441, 2.8125]| ,std: 3.8502513418534199 ,rms: nan
datetime: 2014-01-01 02:00:00 ,level: 8 ,nearest: |[1.0146, 1.40625]| ,std: 4.0248577482989329 ,rms: nan
datetime: 2014-01-01 02:00:00 ,level: 9 ,nearest: |[0.50541, 0.70312]| ,std: 4.2930670721553028 ,rms: nan
datetime: 2014-01-01 02:00:00 ,level: 10 ,nearest: |[0.25223, 0.35156]| ,std: 4.3084774777930672 ,rms: nan
datetime: 2014-01-01 02:00:00 ,level: 11 ,nearest: |[0.12612, 0.17578]| ,std: 4.3102260952594511 ,rms: nan
datetime: 2014-01-01 02:00:00 ,level: 12 ,nearest: |[0.06303, 0.08789]| ,std: 4.3120130655219313 ,rms: nan
datetime: 2014-01-01 02:00:00 ,level: 13 ,nearest: |[0.03151, 0.04395]| ,std: 4.3116023051920971 ,rms: nan
datetime: 2014-01-01 02:00:00 ,level: 14 ,nearest: |[0.01575, 0.02197]| ,std: 4.3114806841840396 ,rms: nan
datetime: 2014-01-01 02:00:00 ,level: 15 ,nearest: |[0.00788, 0.01099]| ,std: 4.311494029476612 ,rms: nan
datetime: 2014-01-01 02:00:00 ,level: 16 ,nearest: |[0.00394, 0.00549]| ,std: 4.3114849855520205 ,rms: nan
datetime: 2014-01-01 02:00:00 ,level: 17 ,nearest: |[0.00197, 0.00275]| ,std: 4.3114893411281221 ,rms: nan
datetime: 2014-01-01 02:00:00 ,level: 18 ,nearest: |[0.00098, 0.00137]| ,std: 4.3114898746112553 ,rms: nan
datetime: 2014-01-01 02:00:00 ,level: 6 ,nearest: |[4.0882, 5.625]| ,std: 4.708783480889954 ,rms: nan
datetime: 2014-01-01 02:00:00 ,level: 7 ,nearest: |[2.0441, 2.8125]| ,std: 3.9730745248387014 ,rms: nan
datetime: 2014-01-01 02:00:00 ,level: 8 ,nearest: |[1.0146, 1.40625]| ,std: 3.9853865590247222 ,rms: nan
datetime: 2014-01-01 02:00:00 ,level: 9 ,nearest: |[0.50541, 0.70312]| ,std: 4.2562784063582475 ,rms: nan
datetime: 2014-01-01 02:00:00 ,level: 10 ,nearest: |[0.25223, 0.35156]| ,std: 4.2659715675788092 ,rms: nan
datetime: 2014-01-01 02:00:00 ,level: 11 ,nearest: |[0.12612, 0.17578]| ,std: 4.2651211605055055 ,rms: nan
datetime: 2014-01-01 02:00:00 ,level: 12 ,nearest: |[0.06303, 0.08789]| ,std: 4.2674227550578943 ,rms: nan
datetime: 2014-01-01 02:00:00 ,level: 13 ,nearest: |[0.03151, 0.04395]| ,std: 4.2669329579096207 ,rms: nan
datetime: 2014-01-01 02:00:00 ,level: 14 ,nearest: |[0.01575, 0.02197]| ,std: 4.2667300999892106 ,rms: nan
datetime: 2014-01-01 02:00:00 ,level: 15 ,nearest: |[0.00788, 0.01099]| ,std: 4.2668006580459235 ,rms: nan
datetime: 2014-01-01 02:00:00 ,level: 16 ,nearest: |[0.00394, 0.00549]| ,std: 4.2667652768780231 ,rms: nan
datetime: 2014-01-01 02:00:00 ,level: 17 ,nearest: |[0.00197, 0.00275]| ,std: 4.2667712529452988 ,rms: nan
datetime: 2014-01-01 02:00:00 ,level: 18 ,nearest: |[0.00098, 0.00137]| ,std: 4.2667712530999484 ,rms: nan
datetime: 2014-01-01 02:00:00 ,level: 6 ,nearest: |[4.0882, 5.625]| ,std: 4.708783480889954 ,rms: nan
datetime: 2014-01-01 02:00:00 ,level: 7 ,nearest: |[2.0441, 2.8125]| ,std: 3.9374542551232365 ,rms: nan
datetime: 2014-01-01 02:00:00 ,level: 8 ,nearest: |[1.0146, 1.40625]| ,std: 4.0577559568992942 ,rms: nan
datetime: 2014-01-01 02:00:00 ,level: 9 ,nearest: |[0.50541, 0.70312]| ,std: 4.4371076436224222 ,rms: nan
datetime: 2014-01-01 02:00:00 ,level: 10 ,nearest: |[0.25223, 0.35156]| ,std: 4.4628099842355358 ,rms: nan
datetime: 2014-01-01 02:00:00 ,level: 11 ,nearest: |[0.12612, 0.17578]| ,std: 4.4696735032328094 ,rms: nan
datetime: 2014-01-01 02:00:00 ,level: 12 ,nearest: |[0.06303, 0.08789]| ,std: 4.4722241311088142 ,rms: nan
datetime: 2014-01-01 02:00:00 ,level: 13 ,nearest: |[0.03151, 0.04395]| ,std: 4.4721362305562122 ,rms: nan
datetime: 2014-01-01 02:00:00 ,level: 14 ,nearest: |[0.01575, 0.02197]| ,std: 4.4720076590279652 ,rms: nan
datetime: 2014-01-01 02:00:00 ,level: 15 ,nearest: |[0.00788, 0.01099]| ,std: 4.4720450609164377 ,rms: nan
datetime: 2014-01-01 02:00:00 ,level: 16 ,nearest: |[0.00394, 0.00549]| ,std: 4.4720399324436668 ,rms: nan
datetime: 2014-01-01 02:00:00 ,level: 17 ,nearest: |[0.00197, 0.00275]| ,std: 4.4720440345864469 ,rms: nan
datetime: 2014-01-01 02:00:00 ,level: 18 ,nearest: |[0.00098, 0.00137]| ,std: 4.4720440285098411 ,rms: nan
datetime: 2014-01-01 03:00:00 ,level: 6 ,nearest: |[4.0882, 5.625]| ,std: 3.9515029904704408 ,rms: nan
datetime: 2014-01-01 03:00:00 ,level: 7 ,nearest: |[2.0441, 2.8125]| ,std: 3.6547286016505867 ,rms: nan
datetime: 2014-01-01 03:00:00 ,level: 8 ,nearest: |[1.0146, 1.40625]| ,std: 4.590798449907675 ,rms: nan
datetime: 2014-01-01 03:00:00 ,level: 9 ,nearest: |[0.50541, 0.70312]| ,std: 4.9386429874070172 ,rms: nan
datetime: 2014-01-01 03:00:00 ,level: 10 ,nearest: |[0.25223, 0.35156]| ,std: 4.9593332061693278 ,rms: nan
datetime: 2014-01-01 03:00:00 ,level: 11 ,nearest: |[0.12612, 0.17578]| ,std: 4.9498049611589146 ,rms: nan
datetime: 2014-01-01 03:00:00 ,level: 12 ,nearest: |[0.06303, 0.08789]| ,std: 4.9537039744023676 ,rms: nan
datetime: 2014-01-01 03:00:00 ,level: 13 ,nearest: |[0.03151, 0.04395]| ,std: 4.9532805259592623 ,rms: nan
datetime: 2014-01-01 03:00:00 ,level: 14 ,nearest: |[0.01575, 0.02197]| ,std: 4.9531866031246219 ,rms: nan
datetime: 2014-01-01 03:00:00 ,level: 15 ,nearest: |[0.00788, 0.01099]| ,std: 4.9532033524159438 ,rms: nan
datetime: 2014-01-01 03:00:00 ,level: 16 ,nearest: |[0.00394, 0.00549]| ,std: 4.9531850278477316 ,rms: nan
datetime: 2014-01-01 03:00:00 ,level: 17 ,nearest: |[0.00197, 0.00275]| ,std: 4.9531922845757395 ,rms: nan
datetime: 2014-01-01 03:00:00 ,level: 18 ,nearest: |[0.00098, 0.00137]| ,std: 4.9531918518376807 ,rms: nan
datetime: 2014-01-01 03:00:00 ,level: 6 ,nearest: |[4.0882, 5.625]| ,std: 4.0194383759982317 ,rms: nan
datetime: 2014-01-01 03:00:00 ,level: 7 ,nearest: |[2.0441, 2.8125]| ,std: 3.0933933351827236 ,rms: nan
datetime: 2014-01-01 03:00:00 ,level: 8 ,nearest: |[1.0146, 1.40625]| ,std: 4.5796067938898757 ,rms: nan
datetime: 2014-01-01 03:00:00 ,level: 9 ,nearest: |[0.50541, 0.70312]| ,std: 4.9112091244303127 ,rms: nan
datetime: 2014-01-01 03:00:00 ,level: 10 ,nearest: |[0.25223, 0.35156]| ,std: 4.8153008150523151 ,rms: nan
datetime: 2014-01-01 03:00:00 ,level: 11 ,nearest: |[0.12612, 0.17578]| ,std: 4.8109692537070545 ,rms: nan
datetime: 2014-01-01 03:00:00 ,level: 12 ,nearest: |[0.06303, 0.08789]| ,std: 4.8148769029200675 ,rms: nan
datetime: 2014-01-01 03:00:00 ,level: 13 ,nearest: |[0.03151, 0.04395]| ,std: 4.8152925796672958 ,rms: 86.058859095588659
datetime: 2014-01-01 03:00:00 ,level: 14 ,nearest: |[0.01575, 0.02197]| ,std: 4.8148399254024614 ,rms: 85.007460547685483
datetime: 2014-01-01 03:00:00 ,level: 15 ,nearest: |[0.00788, 0.01099]| ,std: 4.814923371090515 ,rms: 84.632697016641345
datetime: 2014-01-01 03:00:00 ,level: 16 ,nearest: |[0.00394, 0.00549]| ,std: 4.8148957769905474 ,rms: 84.127708143283513
datetime: 2014-01-01 03:00:00 ,level: 17 ,nearest: |[0.00197, 0.00275]| ,std: 4.8148948068138004 ,rms: 83.885344310138038
datetime: 2014-01-01 03:00:00 ,level: 18 ,nearest: |[0.00098, 0.00137]| ,std: 4.8148954211020438 ,rms: 83.813792235009373
datetime: 2014-01-01 03:00:00 ,level: 6 ,nearest: |[4.0882, 5.625]| ,std: 4.1237612153686012 ,rms: 14.748191650082424
datetime: 2014-01-01 03:00:00 ,level: 7 ,nearest: |[2.0441, 2.8125]| ,std: 3.5859900744567437 ,rms: 41.740807440069844
datetime: 2014-01-01 03:00:00 ,level: 8 ,nearest: |[1.0146, 1.40625]| ,std: 4.5510674980198464 ,rms: nan
datetime: 2014-01-01 03:00:00 ,level: 9 ,nearest: |[0.50541, 0.70312]| ,std: 4.8993183786024845 ,rms: nan
datetime: 2014-01-01 03:00:00 ,level: 10 ,nearest: |[0.25223, 0.35156]| ,std: 4.8895464205166617 ,rms: nan
datetime: 2014-01-01 03:00:00 ,level: 11 ,nearest: |[0.12612, 0.17578]| ,std: 4.8640073641967074 ,rms: nan
datetime: 2014-01-01 03:00:00 ,level: 12 ,nearest: |[0.06303, 0.08789]| ,std: 4.8684375151173613 ,rms: nan
datetime: 2014-01-01 03:00:00 ,level: 13 ,nearest: |[0.03151, 0.04395]| ,std: 4.8684244614641994 ,rms: nan
datetime: 2014-01-01 03:00:00 ,level: 14 ,nearest: |[0.01575, 0.02197]| ,std: 4.8684587061768898 ,rms: nan
datetime: 2014-01-01 03:00:00 ,level: 15 ,nearest: |[0.00788, 0.01099]| ,std: 4.868458604441722 ,rms: nan
datetime: 2014-01-01 03:00:00 ,level: 16 ,nearest: |[0.00394, 0.00549]| ,std: 4.8684573213059439 ,rms: nan
datetime: 2014-01-01 03:00:00 ,level: 17 ,nearest: |[0.00197, 0.00275]| ,std: 4.8684612207619171 ,rms: nan
datetime: 2014-01-01 03:00:00 ,level: 18 ,nearest: |[0.00098, 0.00137]| ,std: 4.8684598179809289 ,rms: nan
datetime: 2014-01-01 03:00:00 ,level: 6 ,nearest: |[4.0882, 5.625]| ,std: 3.9903542782751784 ,rms: nan
datetime: 2014-01-01 03:00:00 ,level: 7 ,nearest: |[2.0441, 2.8125]| ,std: 3.619768623948354 ,rms: nan
datetime: 2014-01-01 03:00:00 ,level: 8 ,nearest: |[1.0146, 1.40625]| ,std: 4.5212954507246002 ,rms: 20.963314919105109
datetime: 2014-01-01 03:00:00 ,level: 9 ,nearest: |[0.50541, 0.70312]| ,std: 4.9706462984846738 ,rms: 19.567878903770428
datetime: 2014-01-01 03:00:00 ,level: 10 ,nearest: |[0.25223, 0.35156]| ,std: 4.9659079599012843 ,rms: 9.2088236462715756
datetime: 2014-01-01 03:00:00 ,level: 11 ,nearest: |[0.12612, 0.17578]| ,std: 4.9497714373865929 ,rms: 9.6887979950857037
datetime: 2014-01-01 03:00:00 ,level: 12 ,nearest: |[0.06303, 0.08789]| ,std: 4.9553290828631305 ,rms: 9.7399228537216338
datetime: 2014-01-01 03:00:00 ,level: 13 ,nearest: |[0.03151, 0.04395]| ,std: 4.955590922860619 ,rms: 9.4347373952857261
datetime: 2014-01-01 03:00:00 ,level: 14 ,nearest: |[0.01575, 0.02197]| ,std: 4.9551655066606859 ,rms: 9.2188892713462032
datetime: 2014-01-01 03:00:00 ,level: 15 ,nearest: |[0.00788, 0.01099]| ,std: 4.9552496239236481 ,rms: 9.0767302493805495
datetime: 2014-01-01 03:00:00 ,level: 16 ,nearest: |[0.00394, 0.00549]| ,std: 4.9552222049225998 ,rms: 9.1136600062229061
datetime: 2014-01-01 03:00:00 ,level: 17 ,nearest: |[0.00197, 0.00275]| ,std: 4.955221373266518 ,rms: 9.0777429931933931
datetime: 2014-01-01 03:00:00 ,level: 18 ,nearest: |[0.00098, 0.00137]| ,std: 4.9552219086922973 ,rms: 9.0874298807296405
datetime: 2014-01-01 03:00:00 ,level: 6 ,nearest: |[4.0882, 5.625]| ,std: 3.9515029904704408 ,rms: nan
datetime: 2014-01-01 03:00:00 ,level: 7 ,nearest: |[2.0441, 2.8125]| ,std: 3.5871345596975375 ,rms: nan
datetime: 2014-01-01 03:00:00 ,level: 8 ,nearest: |[1.0146, 1.40625]| ,std: 4.5603355367946374 ,rms: nan
datetime: 2014-01-01 03:00:00 ,level: 9 ,nearest: |[0.50541, 0.70312]| ,std: 4.9429491121458193 ,rms: nan
datetime: 2014-01-01 03:00:00 ,level: 10 ,nearest: |[0.25223, 0.35156]| ,std: 4.924757036240937 ,rms: nan
datetime: 2014-01-01 03:00:00 ,level: 11 ,nearest: |[0.12612, 0.17578]| ,std: 4.9026546874394263 ,rms: nan
datetime: 2014-01-01 03:00:00 ,level: 12 ,nearest: |[0.06303, 0.08789]| ,std: 4.9082635162698161 ,rms: nan
datetime: 2014-01-01 03:00:00 ,level: 13 ,nearest: |[0.03151, 0.04395]| ,std: 4.9087787600875981 ,rms: nan
datetime: 2014-01-01 03:00:00 ,level: 14 ,nearest: |[0.01575, 0.02197]| ,std: 4.9083709276273 ,rms: nan
datetime: 2014-01-01 03:00:00 ,level: 15 ,nearest: |[0.00788, 0.01099]| ,std: 4.9084534663873471 ,rms: nan
datetime: 2014-01-01 03:00:00 ,level: 16 ,nearest: |[0.00394, 0.00549]| ,std: 4.9084277210540144 ,rms: nan
datetime: 2014-01-01 03:00:00 ,level: 17 ,nearest: |[0.00197, 0.00275]| ,std: 4.9084272276273273 ,rms: nan
datetime: 2014-01-01 03:00:00 ,level: 18 ,nearest: |[0.00098, 0.00137]| ,std: 4.9084285924618287 ,rms: nan
datetime: 2014-01-01 04:00:00 ,level: 6 ,nearest: |[4.0882, 5.625]| ,std: 5.3570365685199208 ,rms: nan
datetime: 2014-01-01 04:00:00 ,level: 7 ,nearest: |[2.0441, 2.8125]| ,std: 4.2422525587157134 ,rms: 19.972935170239719
datetime: 2014-01-01 04:00:00 ,level: 8 ,nearest: |[1.0146, 1.40625]| ,std: 4.7427859328387365 ,rms: 35.111368509706203
datetime: 2014-01-01 04:00:00 ,level: 9 ,nearest: |[0.50541, 0.70312]| ,std: 4.9101545610048687 ,rms: 47.870087003740117
datetime: 2014-01-01 04:00:00 ,level: 10 ,nearest: |[0.25223, 0.35156]| ,std: 4.9477327136553706 ,rms: 61.622041298134562
datetime: 2014-01-01 04:00:00 ,level: 11 ,nearest: |[0.12612, 0.17578]| ,std: 4.9421504109361267 ,rms: 64.214285056170496
datetime: 2014-01-01 04:00:00 ,level: 12 ,nearest: |[0.06303, 0.08789]| ,std: 4.9454768602341908 ,rms: 66.72727974477155
datetime: 2014-01-01 04:00:00 ,level: 13 ,nearest: |[0.03151, 0.04395]| ,std: 4.945692923197007 ,rms: 69.660812478399606
datetime: 2014-01-01 04:00:00 ,level: 14 ,nearest: |[0.01575, 0.02197]| ,std: 4.9455314832123936 ,rms: 71.699750860623993
datetime: 2014-01-01 04:00:00 ,level: 15 ,nearest: |[0.00788, 0.01099]| ,std: 4.945650709938084 ,rms: 72.896965942556392
datetime: 2014-01-01 04:00:00 ,level: 16 ,nearest: |[0.00394, 0.00549]| ,std: 4.9456238267645531 ,rms: 73.067414885472331
datetime: 2014-01-01 04:00:00 ,level: 17 ,nearest: |[0.00197, 0.00275]| ,std: 4.9456266493485819 ,rms: 73.293198120930697
datetime: 2014-01-01 04:00:00 ,level: 18 ,nearest: |[0.00098, 0.00137]| ,std: 4.9456257388400555 ,rms: 73.425007127555432
datetime: 2014-01-01 04:00:00 ,level: 6 ,nearest: |[4.0882, 5.625]| ,std: 5.1439514604557797 ,rms: nan
datetime: 2014-01-01 04:00:00 ,level: 7 ,nearest: |[2.0441, 2.8125]| ,std: 4.5430241712903641 ,rms: nan
datetime: 2014-01-01 04:00:00 ,level: 8 ,nearest: |[1.0146, 1.40625]| ,std: 5.1910205867226678 ,rms: nan
datetime: 2014-01-01 04:00:00 ,level: 9 ,nearest: |[0.50541, 0.70312]| ,std: 5.1793982375612373 ,rms: nan
datetime: 2014-01-01 04:00:00 ,level: 10 ,nearest: |[0.25223, 0.35156]| ,std: 5.2060669217608559 ,rms: nan
datetime: 2014-01-01 04:00:00 ,level: 11 ,nearest: |[0.12612, 0.17578]| ,std: 5.1958455338421556 ,rms: nan
datetime: 2014-01-01 04:00:00 ,level: 12 ,nearest: |[0.06303, 0.08789]| ,std: 5.200958771334216 ,rms: nan
datetime: 2014-01-01 04:00:00 ,level: 13 ,nearest: |[0.03151, 0.04395]| ,std: 5.2009648119787988 ,rms: nan
datetime: 2014-01-01 04:00:00 ,level: 14 ,nearest: |[0.01575, 0.02197]| ,std: 5.2006530945113614 ,rms: nan
datetime: 2014-01-01 04:00:00 ,level: 15 ,nearest: |[0.00788, 0.01099]| ,std: 5.2007989348324699 ,rms: nan
datetime: 2014-01-01 04:00:00 ,level: 16 ,nearest: |[0.00394, 0.00549]| ,std: 5.2007606541662588 ,rms: nan
datetime: 2014-01-01 04:00:00 ,level: 17 ,nearest: |[0.00197, 0.00275]| ,std: 5.2007678630648559 ,rms: nan
datetime: 2014-01-01 04:00:00 ,level: 18 ,nearest: |[0.00098, 0.00137]| ,std: 5.2007665260243066 ,rms: nan
datetime: 2014-01-01 04:00:00 ,level: 6 ,nearest: |[4.0882, 5.625]| ,std: 5.3570365685199208 ,rms: nan
datetime: 2014-01-01 04:00:00 ,level: 7 ,nearest: |[2.0441, 2.8125]| ,std: 4.2422525587157134 ,rms: 56.153800075712731
datetime: 2014-01-01 04:00:00 ,level: 8 ,nearest: |[1.0146, 1.40625]| ,std: 4.6357985204764791 ,rms: 41.940257136291493
datetime: 2014-01-01 04:00:00 ,level: 9 ,nearest: |[0.50541, 0.70312]| ,std: 4.7981260427363059 ,rms: 40.565670530059393
datetime: 2014-01-01 04:00:00 ,level: 10 ,nearest: |[0.25223, 0.35156]| ,std: 4.8285533284412896 ,rms: 32.025087404021541
datetime: 2014-01-01 04:00:00 ,level: 11 ,nearest: |[0.12612, 0.17578]| ,std: 4.8174775220798223 ,rms: 26.932306800975432
datetime: 2014-01-01 04:00:00 ,level: 12 ,nearest: |[0.06303, 0.08789]| ,std: 4.8223413754863937 ,rms: 25.142729735565677
datetime: 2014-01-01 04:00:00 ,level: 13 ,nearest: |[0.03151, 0.04395]| ,std: 4.8225381579029722 ,rms: 25.316378592355512
datetime: 2014-01-01 04:00:00 ,level: 14 ,nearest: |[0.01575, 0.02197]| ,std: 4.8223626397078956 ,rms: 24.75910066800953
datetime: 2014-01-01 04:00:00 ,level: 15 ,nearest: |[0.00788, 0.01099]| ,std: 4.8224844465388523 ,rms: 24.597778225611385
datetime: 2014-01-01 04:00:00 ,level: 16 ,nearest: |[0.00394, 0.00549]| ,std: 4.8224579074709286 ,rms: 24.636073387684071
datetime: 2014-01-01 04:00:00 ,level: 17 ,nearest: |[0.00197, 0.00275]| ,std: 4.8224611763614025 ,rms: 24.575500607107021
datetime: 2014-01-01 04:00:00 ,level: 18 ,nearest: |[0.00098, 0.00137]| ,std: 4.8224602319723848 ,rms: 24.56933113773335
datetime: 2014-01-01 04:00:00 ,level: 6 ,nearest: |[4.0882, 5.625]| ,std: 5.3308264709491597 ,rms: nan
datetime: 2014-01-01 04:00:00 ,level: 7 ,nearest: |[2.0441, 2.8125]| ,std: 4.2379135419928282 ,rms: nan
datetime: 2014-01-01 04:00:00 ,level: 8 ,nearest: |[1.0146, 1.40625]| ,std: 4.2162639221655827 ,rms: nan
datetime: 2014-01-01 04:00:00 ,level: 9 ,nearest: |[0.50541, 0.70312]| ,std: 4.3560867286318246 ,rms: nan
datetime: 2014-01-01 04:00:00 ,level: 10 ,nearest: |[0.25223, 0.35156]| ,std: 4.4108757868623156 ,rms: nan
datetime: 2014-01-01 04:00:00 ,level: 11 ,nearest: |[0.12612, 0.17578]| ,std: 4.3985380125841145 ,rms: nan
datetime: 2014-01-01 04:00:00 ,level: 12 ,nearest: |[0.06303, 0.08789]| ,std: 4.4036520522104539 ,rms: nan
datetime: 2014-01-01 04:00:00 ,level: 13 ,nearest: |[0.03151, 0.04395]| ,std: 4.4041076885755466 ,rms: nan
datetime: 2014-01-01 04:00:00 ,level: 14 ,nearest: |[0.01575, 0.02197]| ,std: 4.4039450859584663 ,rms: nan
datetime: 2014-01-01 04:00:00 ,level: 15 ,nearest: |[0.00788, 0.01099]| ,std: 4.4041144385523712 ,rms: nan
datetime: 2014-01-01 04:00:00 ,level: 16 ,nearest: |[0.00394, 0.00549]| ,std: 4.4040838696144728 ,rms: nan
datetime: 2014-01-01 04:00:00 ,level: 17 ,nearest: |[0.00197, 0.00275]| ,std: 4.4040886867720213 ,rms: nan
datetime: 2014-01-01 04:00:00 ,level: 18 ,nearest: |[0.00098, 0.00137]| ,std: 4.4040877370236329 ,rms: nan
datetime: 2014-01-01 04:00:00 ,level: 6 ,nearest: |[4.0882, 5.625]| ,std: 5.1439514604557779 ,rms: nan
datetime: 2014-01-01 04:00:00 ,level: 7 ,nearest: |[2.0441, 2.8125]| ,std: 4.2689613793437493 ,rms: nan
datetime: 2014-01-01 04:00:00 ,level: 8 ,nearest: |[1.0146, 1.40625]| ,std: 4.8448664916203006 ,rms: 39.346660751616838
datetime: 2014-01-01 04:00:00 ,level: 9 ,nearest: |[0.50541, 0.70312]| ,std: 4.8808038612718869 ,rms: 18.324430757023283
datetime: 2014-01-01 04:00:00 ,level: 10 ,nearest: |[0.25223, 0.35156]| ,std: 4.9266421358768078 ,rms: 21.850499065962431
datetime: 2014-01-01 04:00:00 ,level: 11 ,nearest: |[0.12612, 0.17578]| ,std: 4.9160063236087179 ,rms: 10.096302156285011
datetime: 2014-01-01 04:00:00 ,level: 12 ,nearest: |[0.06303, 0.08789]| ,std: 4.9214047273158616 ,rms: 10.490952005605321
datetime: 2014-01-01 04:00:00 ,level: 13 ,nearest: |[0.03151, 0.04395]| ,std: 4.921474355088538 ,rms: 9.1229373607706066
datetime: 2014-01-01 04:00:00 ,level: 14 ,nearest: |[0.01575, 0.02197]| ,std: 4.9213342469486161 ,rms: 8.6257351585598006
datetime: 2014-01-01 04:00:00 ,level: 15 ,nearest: |[0.00788, 0.01099]| ,std: 4.9214495752599428 ,rms: 8.0024287711566693
datetime: 2014-01-01 04:00:00 ,level: 16 ,nearest: |[0.00394, 0.00549]| ,std: 4.9214232740112633 ,rms: 8.0289878519798705
datetime: 2014-01-01 04:00:00 ,level: 17 ,nearest: |[0.00197, 0.00275]| ,std: 4.9214264507929721 ,rms: 7.9396102209822272
datetime: 2014-01-01 04:00:00 ,level: 18 ,nearest: |[0.00098, 0.00137]| ,std: 4.9214254951903698 ,rms: 7.9102556244580713
datetime: 2014-01-01 05:00:00 ,level: 6 ,nearest: |[4.0882, 5.625]| ,std: 6.5942355639900336 ,rms: nan
datetime: 2014-01-01 05:00:00 ,level: 7 ,nearest: |[2.0441, 2.8125]| ,std: 4.6020973149909121 ,rms: 11.165603538908709
datetime: 2014-01-01 05:00:00 ,level: 8 ,nearest: |[1.0146, 1.40625]| ,std: 4.5177621925730751 ,rms: 2.2806460710639263
datetime: 2014-01-01 05:00:00 ,level: 9 ,nearest: |[0.50541, 0.70312]| ,std: 4.866489080404973 ,rms: 12.502574032204798
datetime: 2014-01-01 05:00:00 ,level: 10 ,nearest: |[0.25223, 0.35156]| ,std: 4.8226864683735453 ,rms: 15.744256315023886
datetime: 2014-01-01 05:00:00 ,level: 11 ,nearest: |[0.12612, 0.17578]| ,std: 4.8088171818912118 ,rms: 16.83090442511352
datetime: 2014-01-01 05:00:00 ,level: 12 ,nearest: |[0.06303, 0.08789]| ,std: 4.815424432454555 ,rms: 17.756961718875882
datetime: 2014-01-01 05:00:00 ,level: 13 ,nearest: |[0.03151, 0.04395]| ,std: 4.8183721845046419 ,rms: 18.833559301865598
datetime: 2014-01-01 05:00:00 ,level: 14 ,nearest: |[0.01575, 0.02197]| ,std: 4.8175724463475404 ,rms: 19.183272748470706
datetime: 2014-01-01 05:00:00 ,level: 15 ,nearest: |[0.00788, 0.01099]| ,std: 4.8177952413850802 ,rms: 19.596019242005831
datetime: 2014-01-01 05:00:00 ,level: 16 ,nearest: |[0.00394, 0.00549]| ,std: 4.8177221841887681 ,rms: 19.427377870942003
datetime: 2014-01-01 05:00:00 ,level: 17 ,nearest: |[0.00197, 0.00275]| ,std: 4.8177085794749921 ,rms: 19.553853317010358
datetime: 2014-01-01 05:00:00 ,level: 18 ,nearest: |[0.00098, 0.00137]| ,std: 4.8177108641216826 ,rms: 19.589633645813294
datetime: 2014-01-01 05:00:00 ,level: 6 ,nearest: |[4.0882, 5.625]| ,std: 6.2577289886366199 ,rms: nan
datetime: 2014-01-01 05:00:00 ,level: 7 ,nearest: |[2.0441, 2.8125]| ,std: 4.404849121331365 ,rms: nan
datetime: 2014-01-01 05:00:00 ,level: 8 ,nearest: |[1.0146, 1.40625]| ,std: 4.4667313582145676 ,rms: nan
datetime: 2014-01-01 05:00:00 ,level: 9 ,nearest: |[0.50541, 0.70312]| ,std: 4.7995995626753762 ,rms: nan
datetime: 2014-01-01 05:00:00 ,level: 10 ,nearest: |[0.25223, 0.35156]| ,std: 4.7333243301077221 ,rms: nan
datetime: 2014-01-01 05:00:00 ,level: 11 ,nearest: |[0.12612, 0.17578]| ,std: 4.7227672039660238 ,rms: nan
datetime: 2014-01-01 05:00:00 ,level: 12 ,nearest: |[0.06303, 0.08789]| ,std: 4.7290140697542205 ,rms: nan
datetime: 2014-01-01 05:00:00 ,level: 13 ,nearest: |[0.03151, 0.04395]| ,std: 4.7321873866865687 ,rms: nan
datetime: 2014-01-01 05:00:00 ,level: 14 ,nearest: |[0.01575, 0.02197]| ,std: 4.7313654816351267 ,rms: nan
datetime: 2014-01-01 05:00:00 ,level: 15 ,nearest: |[0.00788, 0.01099]| ,std: 4.7316017000298656 ,rms: 14.046704402465224
datetime: 2014-01-01 05:00:00 ,level: 16 ,nearest: |[0.00394, 0.00549]| ,std: 4.7315251100876319 ,rms: 15.816798709707481
datetime: 2014-01-01 05:00:00 ,level: 17 ,nearest: |[0.00197, 0.00275]| ,std: 4.7315111921932642 ,rms: 16.185618614717708
datetime: 2014-01-01 05:00:00 ,level: 18 ,nearest: |[0.00098, 0.00137]| ,std: 4.7315136128786595 ,rms: 16.025495533167618
datetime: 2014-01-01 05:00:00 ,level: 6 ,nearest: |[4.0882, 5.625]| ,std: 6.2344169279403534 ,rms: nan
datetime: 2014-01-01 05:00:00 ,level: 7 ,nearest: |[2.0441, 2.8125]| ,std: 4.7194316487106907 ,rms: 33.172429551576755
datetime: 2014-01-01 05:00:00 ,level: 8 ,nearest: |[1.0146, 1.40625]| ,std: 4.4494766554740846 ,rms: nan
datetime: 2014-01-01 05:00:00 ,level: 9 ,nearest: |[0.50541, 0.70312]| ,std: 4.7528787413470166 ,rms: 19.080925748816213
datetime: 2014-01-01 05:00:00 ,level: 10 ,nearest: |[0.25223, 0.35156]| ,std: 4.7000663001454583 ,rms: 11.287641724049816
datetime: 2014-01-01 05:00:00 ,level: 11 ,nearest: |[0.12612, 0.17578]| ,std: 4.6837408262446436 ,rms: 14.092370016525603
datetime: 2014-01-01 05:00:00 ,level: 12 ,nearest: |[0.06303, 0.08789]| ,std: 4.6896523188010013 ,rms: 14.325536309516641
datetime: 2014-01-01 05:00:00 ,level: 13 ,nearest: |[0.03151, 0.04395]| ,std: 4.6927734229558657 ,rms: 15.110371842930075
datetime: 2014-01-01 05:00:00 ,level: 14 ,nearest: |[0.01575, 0.02197]| ,std: 4.6919051902759659 ,rms: 14.808114741660622
datetime: 2014-01-01 05:00:00 ,level: 15 ,nearest: |[0.00788, 0.01099]| ,std: 4.692144108462224 ,rms: 14.783216778276431
datetime: 2014-01-01 05:00:00 ,level: 16 ,nearest: |[0.00394, 0.00549]| ,std: 4.6920706113095285 ,rms: 14.791358295490692
datetime: 2014-01-01 05:00:00 ,level: 17 ,nearest: |[0.00197, 0.00275]| ,std: 4.6920564538134926 ,rms: 14.76329728593673
datetime: 2014-01-01 05:00:00 ,level: 18 ,nearest: |[0.00098, 0.00137]| ,std: 4.6920587305135024 ,rms: 14.783342776734116
datetime: 2014-01-01 05:00:00 ,level: 6 ,nearest: |[4.0882, 5.625]| ,std: 6.5869764599727851 ,rms: nan
datetime: 2014-01-01 05:00:00 ,level: 7 ,nearest: |[2.0441, 2.8125]| ,std: 4.9663463796881402 ,rms: nan
datetime: 2014-01-01 05:00:00 ,level: 8 ,nearest: |[1.0146, 1.40625]| ,std: 4.5961162894106895 ,rms: 34.186956273995904
datetime: 2014-01-01 05:00:00 ,level: 9 ,nearest: |[0.50541, 0.70312]| ,std: 4.9061790756388275 ,rms: 44.309008944040116
datetime: 2014-01-01 05:00:00 ,level: 10 ,nearest: |[0.25223, 0.35156]| ,std: 4.8669961123190024 ,rms: 30.361054590008742
datetime: 2014-01-01 05:00:00 ,level: 11 ,nearest: |[0.12612, 0.17578]| ,std: 4.8535001785688534 ,rms: 32.666698926513327
datetime: 2014-01-01 05:00:00 ,level: 12 ,nearest: |[0.06303, 0.08789]| ,std: 4.8602589723626624 ,rms: 30.327751529893732
datetime: 2014-01-01 05:00:00 ,level: 13 ,nearest: |[0.03151, 0.04395]| ,std: 4.863104816405337 ,rms: 31.037238712650741
datetime: 2014-01-01 05:00:00 ,level: 14 ,nearest: |[0.01575, 0.02197]| ,std: 4.8622625127820545 ,rms: 31.021938787767034
datetime: 2014-01-01 05:00:00 ,level: 15 ,nearest: |[0.00788, 0.01099]| ,std: 4.8624898829306602 ,rms: 30.743756326020492
datetime: 2014-01-01 05:00:00 ,level: 16 ,nearest: |[0.00394, 0.00549]| ,std: 4.8624176895743014 ,rms: 30.852960128146997
datetime: 2014-01-01 05:00:00 ,level: 17 ,nearest: |[0.00197, 0.00275]| ,std: 4.8624040371838086 ,rms: 30.805254195180623
datetime: 2014-01-01 05:00:00 ,level: 18 ,nearest: |[0.00098, 0.00137]| ,std: 4.8624061788463422 ,rms: 30.839786838625152
datetime: 2014-01-01 05:00:00 ,level: 6 ,nearest: |[4.0882, 5.625]| ,std: 6.5942355639900336 ,rms: nan
datetime: 2014-01-01 05:00:00 ,level: 7 ,nearest: |[2.0441, 2.8125]| ,std: 4.8702017080985005 ,rms: 29.166548296911696
datetime: 2014-01-01 05:00:00 ,level: 8 ,nearest: |[1.0146, 1.40625]| ,std: 4.4442763371942773 ,rms: 22.147081891111423
datetime: 2014-01-01 05:00:00 ,level: 9 ,nearest: |[0.50541, 0.70312]| ,std: 4.8145138038221642 ,rms: 15.616142024466129
datetime: 2014-01-01 05:00:00 ,level: 10 ,nearest: |[0.25223, 0.35156]| ,std: 4.7862853325935708 ,rms: 20.48884001218325
datetime: 2014-01-01 05:00:00 ,level: 11 ,nearest: |[0.12612, 0.17578]| ,std: 4.7742518772484317 ,rms: 15.469868611659882
datetime: 2014-01-01 05:00:00 ,level: 12 ,nearest: |[0.06303, 0.08789]| ,std: 4.7810821499105804 ,rms: 14.704048607464369
datetime: 2014-01-01 05:00:00 ,level: 13 ,nearest: |[0.03151, 0.04395]| ,std: 4.7839546617530049 ,rms: 15.788997661136875
datetime: 2014-01-01 05:00:00 ,level: 14 ,nearest: |[0.01575, 0.02197]| ,std: 4.7831392419354026 ,rms: 15.12899606936177
datetime: 2014-01-01 05:00:00 ,level: 15 ,nearest: |[0.00788, 0.01099]| ,std: 4.7833621046157724 ,rms: 15.624916680196161
datetime: 2014-01-01 05:00:00 ,level: 16 ,nearest: |[0.00394, 0.00549]| ,std: 4.7832892137634238 ,rms: 15.702817023289148
datetime: 2014-01-01 05:00:00 ,level: 17 ,nearest: |[0.00197, 0.00275]| ,std: 4.783275069858993 ,rms: 15.756348636057243
datetime: 2014-01-01 05:00:00 ,level: 18 ,nearest: |[0.00098, 0.00137]| ,std: 4.7832773671670266 ,rms: 15.707586585271972
datetime: 2014-01-01 06:00:00 ,level: 6 ,nearest: |[4.0882, 5.625]| ,std: 7.2140003027642452 ,rms: nan
datetime: 2014-01-01 06:00:00 ,level: 7 ,nearest: |[2.0441, 2.8125]| ,std: 5.3076399631523943 ,rms: nan
datetime: 2014-01-01 06:00:00 ,level: 8 ,nearest: |[1.0146, 1.40625]| ,std: 5.0224985146820282 ,rms: nan
datetime: 2014-01-01 06:00:00 ,level: 9 ,nearest: |[0.50541, 0.70312]| ,std: 5.2623924060009921 ,rms: nan
datetime: 2014-01-01 06:00:00 ,level: 10 ,nearest: |[0.25223, 0.35156]| ,std: 5.3031214174032559 ,rms: nan
datetime: 2014-01-01 06:00:00 ,level: 11 ,nearest: |[0.12612, 0.17578]| ,std: 5.2883239789768117 ,rms: nan
datetime: 2014-01-01 06:00:00 ,level: 12 ,nearest: |[0.06303, 0.08789]| ,std: 5.2914260921321388 ,rms: nan
datetime: 2014-01-01 06:00:00 ,level: 13 ,nearest: |[0.03151, 0.04395]| ,std: 5.2908934099654239 ,rms: nan
datetime: 2014-01-01 06:00:00 ,level: 14 ,nearest: |[0.01575, 0.02197]| ,std: 5.2907876234883657 ,rms: nan
datetime: 2014-01-01 06:00:00 ,level: 15 ,nearest: |[0.00788, 0.01099]| ,std: 5.2907767510325812 ,rms: nan
datetime: 2014-01-01 06:00:00 ,level: 16 ,nearest: |[0.00394, 0.00549]| ,std: 5.2907640866489958 ,rms: nan
datetime: 2014-01-01 06:00:00 ,level: 17 ,nearest: |[0.00197, 0.00275]| ,std: 5.290766202946128 ,rms: nan
datetime: 2014-01-01 06:00:00 ,level: 18 ,nearest: |[0.00098, 0.00137]| ,std: 5.2907662642786413 ,rms: nan
datetime: 2014-01-01 06:00:00 ,level: 6 ,nearest: |[4.0882, 5.625]| ,std: 7.508604764879232 ,rms: nan
datetime: 2014-01-01 06:00:00 ,level: 7 ,nearest: |[2.0441, 2.8125]| ,std: 5.5127461245229554 ,rms: 135.53440231484075
datetime: 2014-01-01 06:00:00 ,level: 8 ,nearest: |[1.0146, 1.40625]| ,std: 5.1784014079061302 ,rms: 29.650840525650143
datetime: 2014-01-01 06:00:00 ,level: 9 ,nearest: |[0.50541, 0.70312]| ,std: 5.4248843527200856 ,rms: 11.795216650045811
datetime: 2014-01-01 06:00:00 ,level: 10 ,nearest: |[0.25223, 0.35156]| ,std: 5.4429256992548698 ,rms: 26.837949750047603
datetime: 2014-01-01 06:00:00 ,level: 11 ,nearest: |[0.12612, 0.17578]| ,std: 5.430284319521026 ,rms: 33.459271292885809
datetime: 2014-01-01 06:00:00 ,level: 12 ,nearest: |[0.06303, 0.08789]| ,std: 5.4339904717994854 ,rms: 33.570819987330864
datetime: 2014-01-01 06:00:00 ,level: 13 ,nearest: |[0.03151, 0.04395]| ,std: 5.4349326081283609 ,rms: 39.53961939912174
datetime: 2014-01-01 06:00:00 ,level: 14 ,nearest: |[0.01575, 0.02197]| ,std: 5.4345343568855045 ,rms: 40.172655665080477
datetime: 2014-01-01 06:00:00 ,level: 15 ,nearest: |[0.00788, 0.01099]| ,std: 5.4346357081513954 ,rms: 41.190169178205615
datetime: 2014-01-01 06:00:00 ,level: 16 ,nearest: |[0.00394, 0.00549]| ,std: 5.4346047921424345 ,rms: 42.564488467472835
datetime: 2014-01-01 06:00:00 ,level: 17 ,nearest: |[0.00197, 0.00275]| ,std: 5.4345977540578163 ,rms: 42.254328688742142
datetime: 2014-01-01 06:00:00 ,level: 18 ,nearest: |[0.00098, 0.00137]| ,std: 5.4345982485447308 ,rms: 42.61577638625657
datetime: 2014-01-01 06:00:00 ,level: 6 ,nearest: |[4.0882, 5.625]| ,std: 7.2140003027642452 ,rms: nan
datetime: 2014-01-01 06:00:00 ,level: 7 ,nearest: |[2.0441, 2.8125]| ,std: 4.7560333705788462 ,rms: nan
datetime: 2014-01-01 06:00:00 ,level: 8 ,nearest: |[1.0146, 1.40625]| ,std: 4.5561309791696747 ,rms: nan
datetime: 2014-01-01 06:00:00 ,level: 9 ,nearest: |[0.50541, 0.70312]| ,std: 4.8826673447986435 ,rms: nan
datetime: 2014-01-01 06:00:00 ,level: 10 ,nearest: |[0.25223, 0.35156]| ,std: 4.8460379480396876 ,rms: nan
datetime: 2014-01-01 06:00:00 ,level: 11 ,nearest: |[0.12612, 0.17578]| ,std: 4.8176888722338171 ,rms: nan
datetime: 2014-01-01 06:00:00 ,level: 12 ,nearest: |[0.06303, 0.08789]| ,std: 4.8216623392538294 ,rms: nan
datetime: 2014-01-01 06:00:00 ,level: 13 ,nearest: |[0.03151, 0.04395]| ,std: 4.823264130285291 ,rms: nan
datetime: 2014-01-01 06:00:00 ,level: 14 ,nearest: |[0.01575, 0.02197]| ,std: 4.822777014750999 ,rms: nan
datetime: 2014-01-01 06:00:00 ,level: 15 ,nearest: |[0.00788, 0.01099]| ,std: 4.8229181431283985 ,rms: nan
datetime: 2014-01-01 06:00:00 ,level: 16 ,nearest: |[0.00394, 0.00549]| ,std: 4.822884488595621 ,rms: nan
datetime: 2014-01-01 06:00:00 ,level: 17 ,nearest: |[0.00197, 0.00275]| ,std: 4.8228855182186603 ,rms: nan
datetime: 2014-01-01 06:00:00 ,level: 18 ,nearest: |[0.00098, 0.00137]| ,std: 4.8228844660534893 ,rms: nan
datetime: 2014-01-01 06:00:00 ,level: 6 ,nearest: |[4.0882, 5.625]| ,std: 7.2140003027642452 ,rms: nan
datetime: 2014-01-01 06:00:00 ,level: 7 ,nearest: |[2.0441, 2.8125]| ,std: 5.3246264016286444 ,rms: nan
datetime: 2014-01-01 06:00:00 ,level: 8 ,nearest: |[1.0146, 1.40625]| ,std: 5.2382788458261551 ,rms: 75.895979227606432
datetime: 2014-01-01 06:00:00 ,level: 9 ,nearest: |[0.50541, 0.70312]| ,std: 5.4506828560470222 ,rms: 70.579972280601766
datetime: 2014-01-01 06:00:00 ,level: 10 ,nearest: |[0.25223, 0.35156]| ,std: 5.4567816898288468 ,rms: 63.152254823776957
datetime: 2014-01-01 06:00:00 ,level: 11 ,nearest: |[0.12612, 0.17578]| ,std: 5.4451639099728091 ,rms: 63.936175519271956
datetime: 2014-01-01 06:00:00 ,level: 12 ,nearest: |[0.06303, 0.08789]| ,std: 5.4485361748091368 ,rms: 67.137339598926872
datetime: 2014-01-01 06:00:00 ,level: 13 ,nearest: |[0.03151, 0.04395]| ,std: 5.4491910984060929 ,rms: 66.441221223046767
datetime: 2014-01-01 06:00:00 ,level: 14 ,nearest: |[0.01575, 0.02197]| ,std: 5.4488163452103606 ,rms: 67.550836458409734
datetime: 2014-01-01 06:00:00 ,level: 15 ,nearest: |[0.00788, 0.01099]| ,std: 5.4488911723083353 ,rms: 68.009609602848371
datetime: 2014-01-01 06:00:00 ,level: 16 ,nearest: |[0.00394, 0.00549]| ,std: 5.4488650405053356 ,rms: 68.187435015422039
datetime: 2014-01-01 06:00:00 ,level: 17 ,nearest: |[0.00197, 0.00275]| ,std: 5.4488572117364802 ,rms: 68.131775390431883
datetime: 2014-01-01 06:00:00 ,level: 18 ,nearest: |[0.00098, 0.00137]| ,std: 5.4488575802025512 ,rms: 68.174569097847851
datetime: 2014-01-01 06:00:00 ,level: 6 ,nearest: |[4.0882, 5.625]| ,std: 7.508604764879232 ,rms: nan
datetime: 2014-01-01 06:00:00 ,level: 7 ,nearest: |[2.0441, 2.8125]| ,std: 5.2853502104294492 ,rms: nan
datetime: 2014-01-01 06:00:00 ,level: 8 ,nearest: |[1.0146, 1.40625]| ,std: 4.9761122447151456 ,rms: nan
datetime: 2014-01-01 06:00:00 ,level: 9 ,nearest: |[0.50541, 0.70312]| ,std: 5.1558881290521326 ,rms: nan
datetime: 2014-01-01 06:00:00 ,level: 10 ,nearest: |[0.25223, 0.35156]| ,std: 5.1957657574435903 ,rms: nan
datetime: 2014-01-01 06:00:00 ,level: 11 ,nearest: |[0.12612, 0.17578]| ,std: 5.1802189759329647 ,rms: nan
datetime: 2014-01-01 06:00:00 ,level: 12 ,nearest: |[0.06303, 0.08789]| ,std: 5.1838579912893943 ,rms: nan
datetime: 2014-01-01 06:00:00 ,level: 13 ,nearest: |[0.03151, 0.04395]| ,std: 5.183273841398524 ,rms: nan
datetime: 2014-01-01 06:00:00 ,level: 14 ,nearest: |[0.01575, 0.02197]| ,std: 5.1831859399523683 ,rms: nan
datetime: 2014-01-01 06:00:00 ,level: 15 ,nearest: |[0.00788, 0.01099]| ,std: 5.183176517917885 ,rms: nan
datetime: 2014-01-01 06:00:00 ,level: 16 ,nearest: |[0.00394, 0.00549]| ,std: 5.1831641875803696 ,rms: nan
datetime: 2014-01-01 06:00:00 ,level: 17 ,nearest: |[0.00197, 0.00275]| ,std: 5.1831661809244292 ,rms: nan
datetime: 2014-01-01 06:00:00 ,level: 18 ,nearest: |[0.00098, 0.00137]| ,std: 5.1831662250238537 ,rms: nan
datetime: 2014-01-01 07:00:00 ,level: 6 ,nearest: |[4.0882, 5.625]| ,std: 7.0175505112948615 ,rms: nan
datetime: 2014-01-01 07:00:00 ,level: 7 ,nearest: |[2.0441, 2.8125]| ,std: 5.1464234802328059 ,rms: 78.573760038014228
datetime: 2014-01-01 07:00:00 ,level: 8 ,nearest: |[1.0146, 1.40625]| ,std: 4.8104207799148142 ,rms: 45.275687985658436
datetime: 2014-01-01 07:00:00 ,level: 9 ,nearest: |[0.50541, 0.70312]| ,std: 5.0079561122642859 ,rms: 59.433127186946933
datetime: 2014-01-01 07:00:00 ,level: 10 ,nearest: |[0.25223, 0.35156]| ,std: 5.0773582691986654 ,rms: 12.764324430055005
datetime: 2014-01-01 07:00:00 ,level: 11 ,nearest: |[0.12612, 0.17578]| ,std: 5.073056116648611 ,rms: 14.448411626592321
datetime: 2014-01-01 07:00:00 ,level: 12 ,nearest: |[0.06303, 0.08789]| ,std: 5.0767202980353838 ,rms: 22.020623183684602
datetime: 2014-01-01 07:00:00 ,level: 13 ,nearest: |[0.03151, 0.04395]| ,std: 5.0759847161368885 ,rms: 24.402446526995107
datetime: 2014-01-01 07:00:00 ,level: 14 ,nearest: |[0.01575, 0.02197]| ,std: 5.076037366340465 ,rms: 25.162717124498716
datetime: 2014-01-01 07:00:00 ,level: 15 ,nearest: |[0.00788, 0.01099]| ,std: 5.0760693168016493 ,rms: 25.584167282536384
datetime: 2014-01-01 07:00:00 ,level: 16 ,nearest: |[0.00394, 0.00549]| ,std: 5.0760811916647235 ,rms: 25.40042888808415
datetime: 2014-01-01 07:00:00 ,level: 17 ,nearest: |[0.00197, 0.00275]| ,std: 5.0760780496326232 ,rms: 25.539348712868509
datetime: 2014-01-01 07:00:00 ,level: 18 ,nearest: |[0.00098, 0.00137]| ,std: 5.0760779147910888 ,rms: 25.630491649159183
datetime: 2014-01-01 07:00:00 ,level: 6 ,nearest: |[4.0882, 5.625]| ,std: 7.0175505112948615 ,rms: nan
datetime: 2014-01-01 07:00:00 ,level: 7 ,nearest: |[2.0441, 2.8125]| ,std: 4.6820142240642006 ,rms: nan
datetime: 2014-01-01 07:00:00 ,level: 8 ,nearest: |[1.0146, 1.40625]| ,std: 4.6442492213663096 ,rms: nan
datetime: 2014-01-01 07:00:00 ,level: 9 ,nearest: |[0.50541, 0.70312]| ,std: 4.8605437397223978 ,rms: nan
datetime: 2014-01-01 07:00:00 ,level: 10 ,nearest: |[0.25223, 0.35156]| ,std: 4.8990564286117024 ,rms: nan
datetime: 2014-01-01 07:00:00 ,level: 11 ,nearest: |[0.12612, 0.17578]| ,std: 4.892273732344262 ,rms: nan
datetime: 2014-01-01 07:00:00 ,level: 12 ,nearest: |[0.06303, 0.08789]| ,std: 4.8965258482916578 ,rms: nan
datetime: 2014-01-01 07:00:00 ,level: 13 ,nearest: |[0.03151, 0.04395]| ,std: 4.8959707592845048 ,rms: nan
datetime: 2014-01-01 07:00:00 ,level: 14 ,nearest: |[0.01575, 0.02197]| ,std: 4.8959811847399148 ,rms: nan
datetime: 2014-01-01 07:00:00 ,level: 15 ,nearest: |[0.00788, 0.01099]| ,std: 4.8960643460982185 ,rms: nan
datetime: 2014-01-01 07:00:00 ,level: 16 ,nearest: |[0.00394, 0.00549]| ,std: 4.8960742897328666 ,rms: nan
datetime: 2014-01-01 07:00:00 ,level: 17 ,nearest: |[0.00197, 0.00275]| ,std: 4.8960836010207922 ,rms: nan
datetime: 2014-01-01 07:00:00 ,level: 18 ,nearest: |[0.00098, 0.00137]| ,std: 4.8960813775084624 ,rms: nan
datetime: 2014-01-01 07:00:00 ,level: 6 ,nearest: |[4.0882, 5.625]| ,std: 7.0175505112948615 ,rms: nan
datetime: 2014-01-01 07:00:00 ,level: 7 ,nearest: |[2.0441, 2.8125]| ,std: 5.1464234802328059 ,rms: nan
datetime: 2014-01-01 07:00:00 ,level: 8 ,nearest: |[1.0146, 1.40625]| ,std: 4.8136961521532182 ,rms: nan
datetime: 2014-01-01 07:00:00 ,level: 9 ,nearest: |[0.50541, 0.70312]| ,std: 4.9332766021661438 ,rms: nan
datetime: 2014-01-01 07:00:00 ,level: 10 ,nearest: |[0.25223, 0.35156]| ,std: 5.01869206740996 ,rms: nan
datetime: 2014-01-01 07:00:00 ,level: 11 ,nearest: |[0.12612, 0.17578]| ,std: 5.0137080933227125 ,rms: nan
datetime: 2014-01-01 07:00:00 ,level: 12 ,nearest: |[0.06303, 0.08789]| ,std: 5.0165600108591626 ,rms: nan
datetime: 2014-01-01 07:00:00 ,level: 13 ,nearest: |[0.03151, 0.04395]| ,std: 5.0157142559106038 ,rms: nan
datetime: 2014-01-01 07:00:00 ,level: 14 ,nearest: |[0.01575, 0.02197]| ,std: 5.0157858670006403 ,rms: nan
datetime: 2014-01-01 07:00:00 ,level: 15 ,nearest: |[0.00788, 0.01099]| ,std: 5.015820374778782 ,rms: 51.633388216475872
datetime: 2014-01-01 07:00:00 ,level: 16 ,nearest: |[0.00394, 0.00549]| ,std: 5.0158305577864812 ,rms: 53.003259315402509
datetime: 2014-01-01 07:00:00 ,level: 17 ,nearest: |[0.00197, 0.00275]| ,std: 5.0158271808888353 ,rms: 53.430471818079127
datetime: 2014-01-01 07:00:00 ,level: 18 ,nearest: |[0.00098, 0.00137]| ,std: 5.0158271004967361 ,rms: 53.021978661614568
datetime: 2014-01-01 07:00:00 ,level: 6 ,nearest: |[4.0882, 5.625]| ,std: 7.014761470905662 ,rms: nan
datetime: 2014-01-01 07:00:00 ,level: 7 ,nearest: |[2.0441, 2.8125]| ,std: 5.247123557565593 ,rms: nan
datetime: 2014-01-01 07:00:00 ,level: 8 ,nearest: |[1.0146, 1.40625]| ,std: 4.8114943875453005 ,rms: 22.529163607586447
datetime: 2014-01-01 07:00:00 ,level: 9 ,nearest: |[0.50541, 0.70312]| ,std: 4.9564525669521071 ,rms: 39.762367852227442
datetime: 2014-01-01 07:00:00 ,level: 10 ,nearest: |[0.25223, 0.35156]| ,std: 5.0504885560857895 ,rms: 28.304835688158608
datetime: 2014-01-01 07:00:00 ,level: 11 ,nearest: |[0.12612, 0.17578]| ,std: 5.0440808469043494 ,rms: 25.292035305278493
datetime: 2014-01-01 07:00:00 ,level: 12 ,nearest: |[0.06303, 0.08789]| ,std: 5.04750956725655 ,rms: 22.74168945675364
datetime: 2014-01-01 07:00:00 ,level: 13 ,nearest: |[0.03151, 0.04395]| ,std: 5.0469704167467269 ,rms: 23.963708243748378
datetime: 2014-01-01 07:00:00 ,level: 14 ,nearest: |[0.01575, 0.02197]| ,std: 5.0470072549461467 ,rms: 23.11162452233016
datetime: 2014-01-01 07:00:00 ,level: 15 ,nearest: |[0.00788, 0.01099]| ,std: 5.047057133139651 ,rms: 23.007485747079574
datetime: 2014-01-01 07:00:00 ,level: 16 ,nearest: |[0.00394, 0.00549]| ,std: 5.0470696959918859 ,rms: 22.884565006951043
datetime: 2014-01-01 07:00:00 ,level: 17 ,nearest: |[0.00197, 0.00275]| ,std: 5.0470676138823594 ,rms: 22.873088083091989
datetime: 2014-01-01 07:00:00 ,level: 18 ,nearest: |[0.00098, 0.00137]| ,std: 5.0470672751689376 ,rms: 22.87184245962451
datetime: 2014-01-01 07:00:00 ,level: 6 ,nearest: |[4.0882, 5.625]| ,std: 6.9765409167357468 ,rms: nan
datetime: 2014-01-01 07:00:00 ,level: 7 ,nearest: |[2.0441, 2.8125]| ,std: 5.035377879236469 ,rms: 17.402412362497142
datetime: 2014-01-01 07:00:00 ,level: 8 ,nearest: |[1.0146, 1.40625]| ,std: 4.8032456367241947 ,rms: nan
datetime: 2014-01-01 07:00:00 ,level: 9 ,nearest: |[0.50541, 0.70312]| ,std: 4.9410016827054504 ,rms: 18.624653962241464
datetime: 2014-01-01 07:00:00 ,level: 10 ,nearest: |[0.25223, 0.35156]| ,std: 5.0284055004057668 ,rms: 33.236695462582034
datetime: 2014-01-01 07:00:00 ,level: 11 ,nearest: |[0.12612, 0.17578]| ,std: 5.0332428396604429 ,rms: 31.582957670300779
datetime: 2014-01-01 07:00:00 ,level: 12 ,nearest: |[0.06303, 0.08789]| ,std: 5.0370702825953586 ,rms: nan
datetime: 2014-01-01 07:00:00 ,level: 13 ,nearest: |[0.03151, 0.04395]| ,std: 5.0365968546615871 ,rms: nan
datetime: 2014-01-01 07:00:00 ,level: 14 ,nearest: |[0.01575, 0.02197]| ,std: 5.0366234012289608 ,rms: nan
datetime: 2014-01-01 07:00:00 ,level: 15 ,nearest: |[0.00788, 0.01099]| ,std: 5.0366633476160496 ,rms: nan
datetime: 2014-01-01 07:00:00 ,level: 16 ,nearest: |[0.00394, 0.00549]| ,std: 5.0366748865546773 ,rms: nan
datetime: 2014-01-01 07:00:00 ,level: 17 ,nearest: |[0.00197, 0.00275]| ,std: 5.0366723076419744 ,rms: nan
datetime: 2014-01-01 07:00:00 ,level: 18 ,nearest: |[0.00098, 0.00137]| ,std: 5.0366719610564754 ,rms: nan
datetime: 2014-01-01 08:00:00 ,level: 6 ,nearest: |[4.0882, 5.625]| ,std: 8.274176078609079 ,rms: nan
datetime: 2014-01-01 08:00:00 ,level: 7 ,nearest: |[2.0441, 2.8125]| ,std: 5.123083271685112 ,rms: nan
datetime: 2014-01-01 08:00:00 ,level: 8 ,nearest: |[1.0146, 1.40625]| ,std: 4.178150363142743 ,rms: nan
datetime: 2014-01-01 08:00:00 ,level: 9 ,nearest: |[0.50541, 0.70312]| ,std: 4.3382115752999759 ,rms: 21.380235358490616
datetime: 2014-01-01 08:00:00 ,level: 10 ,nearest: |[0.25223, 0.35156]| ,std: 4.4652286391264981 ,rms: 30.504476508152074
datetime: 2014-01-01 08:00:00 ,level: 11 ,nearest: |[0.12612, 0.17578]| ,std: 4.4536850709182465 ,rms: 30.846467716121179
datetime: 2014-01-01 08:00:00 ,level: 12 ,nearest: |[0.06303, 0.08789]| ,std: 4.4565023495948068 ,rms: 33.453189201128659
datetime: 2014-01-01 08:00:00 ,level: 13 ,nearest: |[0.03151, 0.04395]| ,std: 4.4560267334842178 ,rms: 32.006694714772522
datetime: 2014-01-01 08:00:00 ,level: 14 ,nearest: |[0.01575, 0.02197]| ,std: 4.4561617864116014 ,rms: 31.584442278111403
datetime: 2014-01-01 08:00:00 ,level: 15 ,nearest: |[0.00788, 0.01099]| ,std: 4.4561919702569819 ,rms: 31.629876556111931
datetime: 2014-01-01 08:00:00 ,level: 16 ,nearest: |[0.00394, 0.00549]| ,std: 4.4562011528448702 ,rms: 31.769877316796844
datetime: 2014-01-01 08:00:00 ,level: 17 ,nearest: |[0.00197, 0.00275]| ,std: 4.4561980203252558 ,rms: 31.815833668667619
datetime: 2014-01-01 08:00:00 ,level: 18 ,nearest: |[0.00098, 0.00137]| ,std: 4.4561978007298944 ,rms: 31.800978331462328
datetime: 2014-01-01 08:00:00 ,level: 6 ,nearest: |[4.0882, 5.625]| ,std: 8.274176078609079 ,rms: nan
datetime: 2014-01-01 08:00:00 ,level: 7 ,nearest: |[2.0441, 2.8125]| ,std: 5.2335490136771154 ,rms: 17.401660424631753
datetime: 2014-01-01 08:00:00 ,level: 8 ,nearest: |[1.0146, 1.40625]| ,std: 4.6147147065510197 ,rms: nan
datetime: 2014-01-01 08:00:00 ,level: 9 ,nearest: |[0.50541, 0.70312]| ,std: 4.7478529129319167 ,rms: 14.578564292547515
datetime: 2014-01-01 08:00:00 ,level: 10 ,nearest: |[0.25223, 0.35156]| ,std: 4.8444156446897955 ,rms: 13.762199790099951
datetime: 2014-01-01 08:00:00 ,level: 11 ,nearest: |[0.12612, 0.17578]| ,std: 4.8339686369526795 ,rms: 11.074365246704181
datetime: 2014-01-01 08:00:00 ,level: 12 ,nearest: |[0.06303, 0.08789]| ,std: 4.8373079198952551 ,rms: nan
datetime: 2014-01-01 08:00:00 ,level: 13 ,nearest: |[0.03151, 0.04395]| ,std: 4.8369370112981684 ,rms: nan
datetime: 2014-01-01 08:00:00 ,level: 14 ,nearest: |[0.01575, 0.02197]| ,std: 4.8370317417031332 ,rms: nan
datetime: 2014-01-01 08:00:00 ,level: 15 ,nearest: |[0.00788, 0.01099]| ,std: 4.8370790080230082 ,rms: nan
datetime: 2014-01-01 08:00:00 ,level: 16 ,nearest: |[0.00394, 0.00549]| ,std: 4.8370871424923303 ,rms: nan
datetime: 2014-01-01 08:00:00 ,level: 17 ,nearest: |[0.00197, 0.00275]| ,std: 4.8370837717012174 ,rms: nan
datetime: 2014-01-01 08:00:00 ,level: 18 ,nearest: |[0.00098, 0.00137]| ,std: 4.8370834359375943 ,rms: nan
datetime: 2014-01-01 08:00:00 ,level: 6 ,nearest: |[4.0882, 5.625]| ,std: 8.274176078609079 ,rms: nan
datetime: 2014-01-01 08:00:00 ,level: 7 ,nearest: |[2.0441, 2.8125]| ,std: 5.3902224491072817 ,rms: nan
datetime: 2014-01-01 08:00:00 ,level: 8 ,nearest: |[1.0146, 1.40625]| ,std: 4.6580114559530088 ,rms: 11.396860411049975
datetime: 2014-01-01 08:00:00 ,level: 9 ,nearest: |[0.50541, 0.70312]| ,std: 4.7690533943736932 ,rms: 28.186892883422114
datetime: 2014-01-01 08:00:00 ,level: 10 ,nearest: |[0.25223, 0.35156]| ,std: 4.8760860638823678 ,rms: 39.267519080790812
datetime: 2014-01-01 08:00:00 ,level: 11 ,nearest: |[0.12612, 0.17578]| ,std: 4.8674585766631751 ,rms: 37.604268509962736
datetime: 2014-01-01 08:00:00 ,level: 12 ,nearest: |[0.06303, 0.08789]| ,std: 4.8702377339029601 ,rms: 42.170192359842233
datetime: 2014-01-01 08:00:00 ,level: 13 ,nearest: |[0.03151, 0.04395]| ,std: 4.869503734590352 ,rms: 46.344039964180119
datetime: 2014-01-01 08:00:00 ,level: 14 ,nearest: |[0.01575, 0.02197]| ,std: 4.8696126711974843 ,rms: 46.496043213224908
datetime: 2014-01-01 08:00:00 ,level: 15 ,nearest: |[0.00788, 0.01099]| ,std: 4.869634922661513 ,rms: 46.864168440535806
datetime: 2014-01-01 08:00:00 ,level: 16 ,nearest: |[0.00394, 0.00549]| ,std: 4.8696442792039738 ,rms: 47.424180347364313
datetime: 2014-01-01 08:00:00 ,level: 17 ,nearest: |[0.00197, 0.00275]| ,std: 4.8696413713364706 ,rms: 47.487020055069763
datetime: 2014-01-01 08:00:00 ,level: 18 ,nearest: |[0.00098, 0.00137]| ,std: 4.8696409402589325 ,rms: 47.533212250975119
datetime: 2014-01-01 08:00:00 ,level: 6 ,nearest: |[4.0882, 5.625]| ,std: 8.3173432904754829 ,rms: nan
datetime: 2014-01-01 08:00:00 ,level: 7 ,nearest: |[2.0441, 2.8125]| ,std: 5.3987551066468873 ,rms: nan
datetime: 2014-01-01 08:00:00 ,level: 8 ,nearest: |[1.0146, 1.40625]| ,std: 5.0191208635897739 ,rms: nan
datetime: 2014-01-01 08:00:00 ,level: 9 ,nearest: |[0.50541, 0.70312]| ,std: 5.1893841600910928 ,rms: nan
datetime: 2014-01-01 08:00:00 ,level: 10 ,nearest: |[0.25223, 0.35156]| ,std: 5.298405684404802 ,rms: nan
datetime: 2014-01-01 08:00:00 ,level: 11 ,nearest: |[0.12612, 0.17578]| ,std: 5.290597239015649 ,rms: nan
datetime: 2014-01-01 08:00:00 ,level: 12 ,nearest: |[0.06303, 0.08789]| ,std: 5.2952206055565032 ,rms: nan
datetime: 2014-01-01 08:00:00 ,level: 13 ,nearest: |[0.03151, 0.04395]| ,std: 5.2941927217472511 ,rms: nan
datetime: 2014-01-01 08:00:00 ,level: 14 ,nearest: |[0.01575, 0.02197]| ,std: 5.2945186503378237 ,rms: nan
datetime: 2014-01-01 08:00:00 ,level: 15 ,nearest: |[0.00788, 0.01099]| ,std: 5.2945186882867432 ,rms: nan
datetime: 2014-01-01 08:00:00 ,level: 16 ,nearest: |[0.00394, 0.00549]| ,std: 5.2945323304278826 ,rms: nan
datetime: 2014-01-01 08:00:00 ,level: 17 ,nearest: |[0.00197, 0.00275]| ,std: 5.2945271413648216 ,rms: nan
datetime: 2014-01-01 08:00:00 ,level: 18 ,nearest: |[0.00098, 0.00137]| ,std: 5.2945267942705607 ,rms: nan
datetime: 2014-01-01 08:00:00 ,level: 6 ,nearest: |[4.0882, 5.625]| ,std: 7.7335735512439996 ,rms: nan
datetime: 2014-01-01 08:00:00 ,level: 7 ,nearest: |[2.0441, 2.8125]| ,std: 4.2652648092927121 ,rms: nan
datetime: 2014-01-01 08:00:00 ,level: 8 ,nearest: |[1.0146, 1.40625]| ,std: 4.2323444651451698 ,rms: nan
datetime: 2014-01-01 08:00:00 ,level: 9 ,nearest: |[0.50541, 0.70312]| ,std: 4.443640449129564 ,rms: nan
datetime: 2014-01-01 08:00:00 ,level: 10 ,nearest: |[0.25223, 0.35156]| ,std: 4.5606284498296645 ,rms: nan
datetime: 2014-01-01 08:00:00 ,level: 11 ,nearest: |[0.12612, 0.17578]| ,std: 4.5456082420789619 ,rms: nan
datetime: 2014-01-01 08:00:00 ,level: 12 ,nearest: |[0.06303, 0.08789]| ,std: 4.5503728373565009 ,rms: nan
datetime: 2014-01-01 08:00:00 ,level: 13 ,nearest: |[0.03151, 0.04395]| ,std: 4.5499547429673113 ,rms: nan
datetime: 2014-01-01 08:00:00 ,level: 14 ,nearest: |[0.01575, 0.02197]| ,std: 4.5501585886494427 ,rms: nan
datetime: 2014-01-01 08:00:00 ,level: 15 ,nearest: |[0.00788, 0.01099]| ,std: 4.5501648137456456 ,rms: nan
datetime: 2014-01-01 08:00:00 ,level: 16 ,nearest: |[0.00394, 0.00549]| ,std: 4.5501671539908477 ,rms: nan
datetime: 2014-01-01 08:00:00 ,level: 17 ,nearest: |[0.00197, 0.00275]| ,std: 4.5501688215595175 ,rms: nan
datetime: 2014-01-01 08:00:00 ,level: 18 ,nearest: |[0.00098, 0.00137]| ,std: 4.550168013104825 ,rms: nan
datetime: 2014-01-01 09:00:00 ,level: 6 ,nearest: |[4.0882, 5.625]| ,std: 2.834054444430413 ,rms: nan
datetime: 2014-01-01 09:00:00 ,level: 7 ,nearest: |[2.0441, 2.8125]| ,std: 4.0604730157194036 ,rms: nan
datetime: 2014-01-01 09:00:00 ,level: 8 ,nearest: |[1.0146, 1.40625]| ,std: 4.014630176872906 ,rms: nan
datetime: 2014-01-01 09:00:00 ,level: 9 ,nearest: |[0.50541, 0.70312]| ,std: 4.0133814121619524 ,rms: nan
datetime: 2014-01-01 09:00:00 ,level: 10 ,nearest: |[0.25223, 0.35156]| ,std: 4.1321056737849124 ,rms: nan
datetime: 2014-01-01 09:00:00 ,level: 11 ,nearest: |[0.12612, 0.17578]| ,std: 4.1476657813798061 ,rms: nan
datetime: 2014-01-01 09:00:00 ,level: 12 ,nearest: |[0.06303, 0.08789]| ,std: 4.1576724708393318 ,rms: nan
datetime: 2014-01-01 09:00:00 ,level: 13 ,nearest: |[0.03151, 0.04395]| ,std: 4.1580616187877144 ,rms: nan
datetime: 2014-01-01 09:00:00 ,level: 14 ,nearest: |[0.01575, 0.02197]| ,std: 4.1581611678734189 ,rms: nan
datetime: 2014-01-01 09:00:00 ,level: 15 ,nearest: |[0.00788, 0.01099]| ,std: 4.1581869479804228 ,rms: nan
datetime: 2014-01-01 09:00:00 ,level: 16 ,nearest: |[0.00394, 0.00549]| ,std: 4.1581905077654202 ,rms: nan
datetime: 2014-01-01 09:00:00 ,level: 17 ,nearest: |[0.00197, 0.00275]| ,std: 4.1581956457323166 ,rms: nan
datetime: 2014-01-01 09:00:00 ,level: 18 ,nearest: |[0.00098, 0.00137]| ,std: 4.1581947899770189 ,rms: nan
datetime: 2014-01-01 09:00:00 ,level: 6 ,nearest: |[4.0882, 5.625]| ,std: 2.8763639916898969 ,rms: nan
datetime: 2014-01-01 09:00:00 ,level: 7 ,nearest: |[2.0441, 2.8125]| ,std: 3.8863567460050934 ,rms: nan
datetime: 2014-01-01 09:00:00 ,level: 8 ,nearest: |[1.0146, 1.40625]| ,std: 4.1964593614871184 ,rms: nan
datetime: 2014-01-01 09:00:00 ,level: 9 ,nearest: |[0.50541, 0.70312]| ,std: 4.2522389818961699 ,rms: nan
datetime: 2014-01-01 09:00:00 ,level: 10 ,nearest: |[0.25223, 0.35156]| ,std: 4.3405607631113998 ,rms: nan
datetime: 2014-01-01 09:00:00 ,level: 11 ,nearest: |[0.12612, 0.17578]| ,std: 4.3511572353831092 ,rms: nan
datetime: 2014-01-01 09:00:00 ,level: 12 ,nearest: |[0.06303, 0.08789]| ,std: 4.3571979128630742 ,rms: nan
datetime: 2014-01-01 09:00:00 ,level: 13 ,nearest: |[0.03151, 0.04395]| ,std: 4.3577221280374658 ,rms: nan
datetime: 2014-01-01 09:00:00 ,level: 14 ,nearest: |[0.01575, 0.02197]| ,std: 4.3579972893003367 ,rms: nan
datetime: 2014-01-01 09:00:00 ,level: 15 ,nearest: |[0.00788, 0.01099]| ,std: 4.3580784019083119 ,rms: nan
datetime: 2014-01-01 09:00:00 ,level: 16 ,nearest: |[0.00394, 0.00549]| ,std: 4.3581022094962956 ,rms: nan
datetime: 2014-01-01 09:00:00 ,level: 17 ,nearest: |[0.00197, 0.00275]| ,std: 4.3581157892835867 ,rms: nan
datetime: 2014-01-01 09:00:00 ,level: 18 ,nearest: |[0.00098, 0.00137]| ,std: 4.358115371421408 ,rms: nan
datetime: 2014-01-01 09:00:00 ,level: 6 ,nearest: |[4.0882, 5.625]| ,std: 3.2087873807180811 ,rms: nan
datetime: 2014-01-01 09:00:00 ,level: 7 ,nearest: |[2.0441, 2.8125]| ,std: 3.763075917503258 ,rms: nan
datetime: 2014-01-01 09:00:00 ,level: 8 ,nearest: |[1.0146, 1.40625]| ,std: 3.9918555043251915 ,rms: nan
datetime: 2014-01-01 09:00:00 ,level: 9 ,nearest: |[0.50541, 0.70312]| ,std: 4.111493613265786 ,rms: nan
datetime: 2014-01-01 09:00:00 ,level: 10 ,nearest: |[0.25223, 0.35156]| ,std: 4.2112113236526447 ,rms: nan
datetime: 2014-01-01 09:00:00 ,level: 11 ,nearest: |[0.12612, 0.17578]| ,std: 4.2491705832504003 ,rms: nan
datetime: 2014-01-01 09:00:00 ,level: 12 ,nearest: |[0.06303, 0.08789]| ,std: 4.2547985114962765 ,rms: nan
datetime: 2014-01-01 09:00:00 ,level: 13 ,nearest: |[0.03151, 0.04395]| ,std: 4.2554840107647172 ,rms: nan
datetime: 2014-01-01 09:00:00 ,level: 14 ,nearest: |[0.01575, 0.02197]| ,std: 4.2560177446689416 ,rms: nan
datetime: 2014-01-01 09:00:00 ,level: 15 ,nearest: |[0.00788, 0.01099]| ,std: 4.2561248079656515 ,rms: nan
datetime: 2014-01-01 09:00:00 ,level: 16 ,nearest: |[0.00394, 0.00549]| ,std: 4.2561714332317528 ,rms: nan
datetime: 2014-01-01 09:00:00 ,level: 17 ,nearest: |[0.00197, 0.00275]| ,std: 4.2561704330637129 ,rms: nan
datetime: 2014-01-01 09:00:00 ,level: 18 ,nearest: |[0.00098, 0.00137]| ,std: 4.2561732000553407 ,rms: nan
datetime: 2014-01-01 09:00:00 ,level: 6 ,nearest: |[4.0882, 5.625]| ,std: 2.834054444430413 ,rms: nan
datetime: 2014-01-01 09:00:00 ,level: 7 ,nearest: |[2.0441, 2.8125]| ,std: 3.7355777677720416 ,rms: nan
datetime: 2014-01-01 09:00:00 ,level: 8 ,nearest: |[1.0146, 1.40625]| ,std: 3.8069700797963955 ,rms: nan
datetime: 2014-01-01 09:00:00 ,level: 9 ,nearest: |[0.50541, 0.70312]| ,std: 3.7280036334044491 ,rms: nan
datetime: 2014-01-01 09:00:00 ,level: 10 ,nearest: |[0.25223, 0.35156]| ,std: 3.7262207963757326 ,rms: nan
datetime: 2014-01-01 09:00:00 ,level: 11 ,nearest: |[0.12612, 0.17578]| ,std: 3.7462488117982304 ,rms: nan
datetime: 2014-01-01 09:00:00 ,level: 12 ,nearest: |[0.06303, 0.08789]| ,std: 3.7540218800471887 ,rms: nan
datetime: 2014-01-01 09:00:00 ,level: 13 ,nearest: |[0.03151, 0.04395]| ,std: 3.7534405221758012 ,rms: nan
datetime: 2014-01-01 09:00:00 ,level: 14 ,nearest: |[0.01575, 0.02197]| ,std: 3.7535797489076685 ,rms: nan
datetime: 2014-01-01 09:00:00 ,level: 15 ,nearest: |[0.00788, 0.01099]| ,std: 3.7535235124957604 ,rms: nan
datetime: 2014-01-01 09:00:00 ,level: 16 ,nearest: |[0.00394, 0.00549]| ,std: 3.7535402609103614 ,rms: nan
datetime: 2014-01-01 09:00:00 ,level: 17 ,nearest: |[0.00197, 0.00275]| ,std: 3.7535516732717218 ,rms: nan
datetime: 2014-01-01 09:00:00 ,level: 18 ,nearest: |[0.00098, 0.00137]| ,std: 3.7535523972692584 ,rms: nan
datetime: 2014-01-01 09:00:00 ,level: 6 ,nearest: |[4.0882, 5.625]| ,std: 2.834054444430413 ,rms: nan
datetime: 2014-01-01 09:00:00 ,level: 7 ,nearest: |[2.0441, 2.8125]| ,std: 3.755726669978801 ,rms: nan
datetime: 2014-01-01 09:00:00 ,level: 8 ,nearest: |[1.0146, 1.40625]| ,std: 4.094856665545171 ,rms: nan
datetime: 2014-01-01 09:00:00 ,level: 9 ,nearest: |[0.50541, 0.70312]| ,std: 4.2802261581399712 ,rms: nan
datetime: 2014-01-01 09:00:00 ,level: 10 ,nearest: |[0.25223, 0.35156]| ,std: 4.4331690719271606 ,rms: nan
datetime: 2014-01-01 09:00:00 ,level: 11 ,nearest: |[0.12612, 0.17578]| ,std: 4.4510857574757479 ,rms: nan
datetime: 2014-01-01 09:00:00 ,level: 12 ,nearest: |[0.06303, 0.08789]| ,std: 4.4592638092425929 ,rms: nan
datetime: 2014-01-01 09:00:00 ,level: 13 ,nearest: |[0.03151, 0.04395]| ,std: 4.4594703537708709 ,rms: nan
datetime: 2014-01-01 09:00:00 ,level: 14 ,nearest: |[0.01575, 0.02197]| ,std: 4.4597459092122618 ,rms: nan
datetime: 2014-01-01 09:00:00 ,level: 15 ,nearest: |[0.00788, 0.01099]| ,std: 4.4597634074853447 ,rms: nan
datetime: 2014-01-01 09:00:00 ,level: 16 ,nearest: |[0.00394, 0.00549]| ,std: 4.459778471345671 ,rms: nan
datetime: 2014-01-01 09:00:00 ,level: 17 ,nearest: |[0.00197, 0.00275]| ,std: 4.4597789861788417 ,rms: nan
datetime: 2014-01-01 09:00:00 ,level: 18 ,nearest: |[0.00098, 0.00137]| ,std: 4.4597785299250372 ,rms: nan
datetime: 2014-01-01 10:00:00 ,level: 6 ,nearest: |[4.0882, 5.625]| ,std: 2.6320586771607974 ,rms: nan
datetime: 2014-01-01 10:00:00 ,level: 7 ,nearest: |[2.0441, 2.8125]| ,std: 2.6256436789587836 ,rms: 14.693849665340021
datetime: 2014-01-01 10:00:00 ,level: 8 ,nearest: |[1.0146, 1.40625]| ,std: 3.6939555943401468 ,rms: 4.1376394050206677
datetime: 2014-01-01 10:00:00 ,level: 9 ,nearest: |[0.50541, 0.70312]| ,std: 3.9021587570285927 ,rms: 1.6391709692600984
datetime: 2014-01-01 10:00:00 ,level: 10 ,nearest: |[0.25223, 0.35156]| ,std: 4.0862470169484606 ,rms: 2.7566870806176
datetime: 2014-01-01 10:00:00 ,level: 11 ,nearest: |[0.12612, 0.17578]| ,std: 4.1059562571313037 ,rms: 3.467757122161347
datetime: 2014-01-01 10:00:00 ,level: 12 ,nearest: |[0.06303, 0.08789]| ,std: 4.1117696737122316 ,rms: 3.7121157166998193
datetime: 2014-01-01 10:00:00 ,level: 13 ,nearest: |[0.03151, 0.04395]| ,std: 4.1126685484395589 ,rms: 3.7379464278644847
datetime: 2014-01-01 10:00:00 ,level: 14 ,nearest: |[0.01575, 0.02197]| ,std: 4.1129750824110456 ,rms: 3.7664912575964751
datetime: 2014-01-01 10:00:00 ,level: 15 ,nearest: |[0.00788, 0.01099]| ,std: 4.1130320184644305 ,rms: 3.7693471386370354
datetime: 2014-01-01 10:00:00 ,level: 16 ,nearest: |[0.00394, 0.00549]| ,std: 4.1130510008584666 ,rms: 3.8857491124351129
datetime: 2014-01-01 10:00:00 ,level: 17 ,nearest: |[0.00197, 0.00275]| ,std: 4.113062056887534 ,rms: 3.9098401756431591
datetime: 2014-01-01 10:00:00 ,level: 18 ,nearest: |[0.00098, 0.00137]| ,std: 4.1130638704665534 ,rms: 3.9372249502107457
datetime: 2014-01-01 10:00:00 ,level: 6 ,nearest: |[4.0882, 5.625]| ,std: 2.632058677160797 ,rms: nan
datetime: 2014-01-01 10:00:00 ,level: 7 ,nearest: |[2.0441, 2.8125]| ,std: 2.6392334822903649 ,rms: nan
datetime: 2014-01-01 10:00:00 ,level: 8 ,nearest: |[1.0146, 1.40625]| ,std: 3.7548591687426049 ,rms: nan
datetime: 2014-01-01 10:00:00 ,level: 9 ,nearest: |[0.50541, 0.70312]| ,std: 3.9163259149644958 ,rms: nan
datetime: 2014-01-01 10:00:00 ,level: 10 ,nearest: |[0.25223, 0.35156]| ,std: 4.1041467666672462 ,rms: nan
datetime: 2014-01-01 10:00:00 ,level: 11 ,nearest: |[0.12612, 0.17578]| ,std: 4.1209618399735648 ,rms: nan
datetime: 2014-01-01 10:00:00 ,level: 12 ,nearest: |[0.06303, 0.08789]| ,std: 4.1283386020229891 ,rms: nan
datetime: 2014-01-01 10:00:00 ,level: 13 ,nearest: |[0.03151, 0.04395]| ,std: 4.1287766688287277 ,rms: nan
datetime: 2014-01-01 10:00:00 ,level: 14 ,nearest: |[0.01575, 0.02197]| ,std: 4.1292526894808947 ,rms: nan
datetime: 2014-01-01 10:00:00 ,level: 15 ,nearest: |[0.00788, 0.01099]| ,std: 4.1292778534561361 ,rms: nan
datetime: 2014-01-01 10:00:00 ,level: 16 ,nearest: |[0.00394, 0.00549]| ,std: 4.1293004502542239 ,rms: nan
datetime: 2014-01-01 10:00:00 ,level: 17 ,nearest: |[0.00197, 0.00275]| ,std: 4.1293101027788142 ,rms: nan
datetime: 2014-01-01 10:00:00 ,level: 18 ,nearest: |[0.00098, 0.00137]| ,std: 4.1293121027397479 ,rms: nan
datetime: 2014-01-01 10:00:00 ,level: 6 ,nearest: |[4.0882, 5.625]| ,std: 2.5387950670368933 ,rms: nan
datetime: 2014-01-01 10:00:00 ,level: 7 ,nearest: |[2.0441, 2.8125]| ,std: 2.1453712894949728 ,rms: nan
datetime: 2014-01-01 10:00:00 ,level: 8 ,nearest: |[1.0146, 1.40625]| ,std: 3.6479600628773605 ,rms: nan
datetime: 2014-01-01 10:00:00 ,level: 9 ,nearest: |[0.50541, 0.70312]| ,std: 3.8713080814157363 ,rms: nan
datetime: 2014-01-01 10:00:00 ,level: 10 ,nearest: |[0.25223, 0.35156]| ,std: 4.0546761436997825 ,rms: nan
datetime: 2014-01-01 10:00:00 ,level: 11 ,nearest: |[0.12612, 0.17578]| ,std: 4.0740807649880821 ,rms: nan
datetime: 2014-01-01 10:00:00 ,level: 12 ,nearest: |[0.06303, 0.08789]| ,std: 4.0821390428182962 ,rms: nan
datetime: 2014-01-01 10:00:00 ,level: 13 ,nearest: |[0.03151, 0.04395]| ,std: 4.0822268787353204 ,rms: nan
datetime: 2014-01-01 10:00:00 ,level: 14 ,nearest: |[0.01575, 0.02197]| ,std: 4.0827338832452265 ,rms: nan
datetime: 2014-01-01 10:00:00 ,level: 15 ,nearest: |[0.00788, 0.01099]| ,std: 4.0828191982880488 ,rms: nan
datetime: 2014-01-01 10:00:00 ,level: 16 ,nearest: |[0.00394, 0.00549]| ,std: 4.0828182691857453 ,rms: nan
datetime: 2014-01-01 10:00:00 ,level: 17 ,nearest: |[0.00197, 0.00275]| ,std: 4.0828341757807349 ,rms: nan
datetime: 2014-01-01 10:00:00 ,level: 18 ,nearest: |[0.00098, 0.00137]| ,std: 4.0828358712413557 ,rms: nan
datetime: 2014-01-01 10:00:00 ,level: 6 ,nearest: |[4.0882, 5.625]| ,std: 2.5668833244569833 ,rms: nan
datetime: 2014-01-01 10:00:00 ,level: 7 ,nearest: |[2.0441, 2.8125]| ,std: 2.5476362026350152 ,rms: 117.6851654565889
datetime: 2014-01-01 10:00:00 ,level: 8 ,nearest: |[1.0146, 1.40625]| ,std: 3.6545513722077785 ,rms: 70.031543673994108
datetime: 2014-01-01 10:00:00 ,level: 9 ,nearest: |[0.50541, 0.70312]| ,std: 3.888066902113481 ,rms: 33.345868292899006
datetime: 2014-01-01 10:00:00 ,level: 10 ,nearest: |[0.25223, 0.35156]| ,std: 4.0559265778179956 ,rms: 33.010235253531995
datetime: 2014-01-01 10:00:00 ,level: 11 ,nearest: |[0.12612, 0.17578]| ,std: 4.0705431052419749 ,rms: 25.676140154982527
datetime: 2014-01-01 10:00:00 ,level: 12 ,nearest: |[0.06303, 0.08789]| ,std: 4.0755568419488215 ,rms: 20.512824822298931
datetime: 2014-01-01 10:00:00 ,level: 13 ,nearest: |[0.03151, 0.04395]| ,std: 4.0763971278594457 ,rms: 19.848951741234309
datetime: 2014-01-01 10:00:00 ,level: 14 ,nearest: |[0.01575, 0.02197]| ,std: 4.0767617917528263 ,rms: 19.356008517296083
datetime: 2014-01-01 10:00:00 ,level: 15 ,nearest: |[0.00788, 0.01099]| ,std: 4.0768127450722433 ,rms: 18.813343710300689
datetime: 2014-01-01 10:00:00 ,level: 16 ,nearest: |[0.00394, 0.00549]| ,std: 4.0768322215388659 ,rms: 18.85639859604337
datetime: 2014-01-01 10:00:00 ,level: 17 ,nearest: |[0.00197, 0.00275]| ,std: 4.0768426875841426 ,rms: 18.919177597719365
datetime: 2014-01-01 10:00:00 ,level: 18 ,nearest: |[0.00098, 0.00137]| ,std: 4.0768446934775193 ,rms: 18.863454444108875
datetime: 2014-01-01 10:00:00 ,level: 6 ,nearest: |[4.0882, 5.625]| ,std: 2.5960864973616329 ,rms: nan
datetime: 2014-01-01 10:00:00 ,level: 7 ,nearest: |[2.0441, 2.8125]| ,std: 2.6673250985613297 ,rms: 17.123096550696726
datetime: 2014-01-01 10:00:00 ,level: 8 ,nearest: |[1.0146, 1.40625]| ,std: 3.5894388261918735 ,rms: 57.097724759203416
datetime: 2014-01-01 10:00:00 ,level: 9 ,nearest: |[0.50541, 0.70312]| ,std: 3.842629451936284 ,rms: 12.493345764418279
datetime: 2014-01-01 10:00:00 ,level: 10 ,nearest: |[0.25223, 0.35156]| ,std: 4.0214227141651655 ,rms: 13.18454380095265
datetime: 2014-01-01 10:00:00 ,level: 11 ,nearest: |[0.12612, 0.17578]| ,std: 4.0381067274589215 ,rms: 14.734844854597615
datetime: 2014-01-01 10:00:00 ,level: 12 ,nearest: |[0.06303, 0.08789]| ,std: 4.044456352399413 ,rms: 12.345757154033318
datetime: 2014-01-01 10:00:00 ,level: 13 ,nearest: |[0.03151, 0.04395]| ,std: 4.0455816210071713 ,rms: 9.6179581648333929
datetime: 2014-01-01 10:00:00 ,level: 14 ,nearest: |[0.01575, 0.02197]| ,std: 4.0458187478964396 ,rms: 8.9774912422817987
datetime: 2014-01-01 10:00:00 ,level: 15 ,nearest: |[0.00788, 0.01099]| ,std: 4.0458879301372246 ,rms: 9.3860373730013169
datetime: 2014-01-01 10:00:00 ,level: 16 ,nearest: |[0.00394, 0.00549]| ,std: 4.0459043189355315 ,rms: 8.2578360703208631
datetime: 2014-01-01 10:00:00 ,level: 17 ,nearest: |[0.00197, 0.00275]| ,std: 4.0459151538067566 ,rms: 8.3000015195264965
datetime: 2014-01-01 10:00:00 ,level: 18 ,nearest: |[0.00098, 0.00137]| ,std: 4.0459168115378166 ,rms: 8.2894197887691057
datetime: 2014-01-01 11:00:00 ,level: 6 ,nearest: |[4.0882, 5.625]| ,std: 1.412627368240011 ,rms: nan
datetime: 2014-01-01 11:00:00 ,level: 7 ,nearest: |[2.0441, 2.8125]| ,std: 2.4277825716011701 ,rms: 31.85733932536478
datetime: 2014-01-01 11:00:00 ,level: 8 ,nearest: |[1.0146, 1.40625]| ,std: 3.972466266596105 ,rms: nan
datetime: 2014-01-01 11:00:00 ,level: 9 ,nearest: |[0.50541, 0.70312]| ,std: 4.0964104697038 ,rms: 12.789808135281081
datetime: 2014-01-01 11:00:00 ,level: 10 ,nearest: |[0.25223, 0.35156]| ,std: 4.234208816662802 ,rms: nan
datetime: 2014-01-01 11:00:00 ,level: 11 ,nearest: |[0.12612, 0.17578]| ,std: 4.2374037212515798 ,rms: nan
datetime: 2014-01-01 11:00:00 ,level: 12 ,nearest: |[0.06303, 0.08789]| ,std: 4.2420804934095369 ,rms: nan
datetime: 2014-01-01 11:00:00 ,level: 13 ,nearest: |[0.03151, 0.04395]| ,std: 4.2425403225975931 ,rms: nan
datetime: 2014-01-01 11:00:00 ,level: 14 ,nearest: |[0.01575, 0.02197]| ,std: 4.2425156428475352 ,rms: nan
datetime: 2014-01-01 11:00:00 ,level: 15 ,nearest: |[0.00788, 0.01099]| ,std: 4.2425806385102334 ,rms: nan
datetime: 2014-01-01 11:00:00 ,level: 16 ,nearest: |[0.00394, 0.00549]| ,std: 4.2425939943029887 ,rms: nan
datetime: 2014-01-01 11:00:00 ,level: 17 ,nearest: |[0.00197, 0.00275]| ,std: 4.2425978094488235 ,rms: nan
datetime: 2014-01-01 11:00:00 ,level: 18 ,nearest: |[0.00098, 0.00137]| ,std: 4.2425987635070905 ,rms: nan
datetime: 2014-01-01 11:00:00 ,level: 6 ,nearest: |[4.0882, 5.625]| ,std: 0.63808949050018704 ,rms: nan
datetime: 2014-01-01 11:00:00 ,level: 7 ,nearest: |[2.0441, 2.8125]| ,std: 2.6572600152815711 ,rms: nan
datetime: 2014-01-01 11:00:00 ,level: 8 ,nearest: |[1.0146, 1.40625]| ,std: 4.0333905042947693 ,rms: nan
datetime: 2014-01-01 11:00:00 ,level: 9 ,nearest: |[0.50541, 0.70312]| ,std: 4.0916207765635235 ,rms: nan
datetime: 2014-01-01 11:00:00 ,level: 10 ,nearest: |[0.25223, 0.35156]| ,std: 4.1890691796451476 ,rms: nan
datetime: 2014-01-01 11:00:00 ,level: 11 ,nearest: |[0.12612, 0.17578]| ,std: 4.1765767244428709 ,rms: nan
datetime: 2014-01-01 11:00:00 ,level: 12 ,nearest: |[0.06303, 0.08789]| ,std: 4.1812147739354115 ,rms: nan
datetime: 2014-01-01 11:00:00 ,level: 13 ,nearest: |[0.03151, 0.04395]| ,std: 4.181261645849971 ,rms: nan
datetime: 2014-01-01 11:00:00 ,level: 14 ,nearest: |[0.01575, 0.02197]| ,std: 4.1813835842792644 ,rms: nan
datetime: 2014-01-01 11:00:00 ,level: 15 ,nearest: |[0.00788, 0.01099]| ,std: 4.1814217535863998 ,rms: nan
datetime: 2014-01-01 11:00:00 ,level: 16 ,nearest: |[0.00394, 0.00549]| ,std: 4.1814233434803736 ,rms: nan
datetime: 2014-01-01 11:00:00 ,level: 17 ,nearest: |[0.00197, 0.00275]| ,std: 4.1814213801019662 ,rms: nan
datetime: 2014-01-01 11:00:00 ,level: 18 ,nearest: |[0.00098, 0.00137]| ,std: 4.181421578481908 ,rms: nan
datetime: 2014-01-01 11:00:00 ,level: 6 ,nearest: |[4.0882, 5.625]| ,std: 0.63972500127159382 ,rms: nan
datetime: 2014-01-01 11:00:00 ,level: 7 ,nearest: |[2.0441, 2.8125]| ,std: 2.4713115438613427 ,rms: nan
datetime: 2014-01-01 11:00:00 ,level: 8 ,nearest: |[1.0146, 1.40625]| ,std: 3.9810822889956206 ,rms: nan
datetime: 2014-01-01 11:00:00 ,level: 9 ,nearest: |[0.50541, 0.70312]| ,std: 4.0577598828801511 ,rms: nan
datetime: 2014-01-01 11:00:00 ,level: 10 ,nearest: |[0.25223, 0.35156]| ,std: 4.1970398449521413 ,rms: nan
datetime: 2014-01-01 11:00:00 ,level: 11 ,nearest: |[0.12612, 0.17578]| ,std: 4.1975152129250928 ,rms: nan
datetime: 2014-01-01 11:00:00 ,level: 12 ,nearest: |[0.06303, 0.08789]| ,std: 4.2040845567703968 ,rms: nan
datetime: 2014-01-01 11:00:00 ,level: 13 ,nearest: |[0.03151, 0.04395]| ,std: 4.2040756275634461 ,rms: nan
datetime: 2014-01-01 11:00:00 ,level: 14 ,nearest: |[0.01575, 0.02197]| ,std: 4.2041274136335716 ,rms: nan
datetime: 2014-01-01 11:00:00 ,level: 15 ,nearest: |[0.00788, 0.01099]| ,std: 4.2041369916592499 ,rms: nan
datetime: 2014-01-01 11:00:00 ,level: 16 ,nearest: |[0.00394, 0.00549]| ,std: 4.2041440766777125 ,rms: nan
datetime: 2014-01-01 11:00:00 ,level: 17 ,nearest: |[0.00197, 0.00275]| ,std: 4.2041477535021956 ,rms: nan
datetime: 2014-01-01 11:00:00 ,level: 18 ,nearest: |[0.00098, 0.00137]| ,std: 4.2041470669059278 ,rms: nan
datetime: 2014-01-01 11:00:00 ,level: 6 ,nearest: |[4.0882, 5.625]| ,std: 1.4682090005667761 ,rms: 39.972394195187221
datetime: 2014-01-01 11:00:00 ,level: 7 ,nearest: |[2.0441, 2.8125]| ,std: 2.5313388151174498 ,rms: 38.905420015102308
datetime: 2014-01-01 11:00:00 ,level: 8 ,nearest: |[1.0146, 1.40625]| ,std: 3.9347931189231229 ,rms: 30.76466993325489
datetime: 2014-01-01 11:00:00 ,level: 9 ,nearest: |[0.50541, 0.70312]| ,std: 4.0534120329081826 ,rms: 21.182670835613941
datetime: 2014-01-01 11:00:00 ,level: 10 ,nearest: |[0.25223, 0.35156]| ,std: 4.205698675229625 ,rms: 16.724790001765875
datetime: 2014-01-01 11:00:00 ,level: 11 ,nearest: |[0.12612, 0.17578]| ,std: 4.2107860401884025 ,rms: 15.408819947310793
datetime: 2014-01-01 11:00:00 ,level: 12 ,nearest: |[0.06303, 0.08789]| ,std: 4.217199069279661 ,rms: 13.661241863109723
datetime: 2014-01-01 11:00:00 ,level: 13 ,nearest: |[0.03151, 0.04395]| ,std: 4.2173651561816756 ,rms: 13.334421947714784
datetime: 2014-01-01 11:00:00 ,level: 14 ,nearest: |[0.01575, 0.02197]| ,std: 4.2174657727105886 ,rms: 13.331451012646701
datetime: 2014-01-01 11:00:00 ,level: 15 ,nearest: |[0.00788, 0.01099]| ,std: 4.2174860482127547 ,rms: 13.159165223162995
datetime: 2014-01-01 11:00:00 ,level: 16 ,nearest: |[0.00394, 0.00549]| ,std: 4.2175012432579448 ,rms: 13.201322508242999
datetime: 2014-01-01 11:00:00 ,level: 17 ,nearest: |[0.00197, 0.00275]| ,std: 4.2175061151230375 ,rms: 13.171063953173498
datetime: 2014-01-01 11:00:00 ,level: 18 ,nearest: |[0.00098, 0.00137]| ,std: 4.2175069475136961 ,rms: 13.155041411919063
datetime: 2014-01-01 11:00:00 ,level: 6 ,nearest: |[4.0882, 5.625]| ,std: 0.62207891607102583 ,rms: nan
datetime: 2014-01-01 11:00:00 ,level: 7 ,nearest: |[2.0441, 2.8125]| ,std: 2.7389649590346257 ,rms: nan
datetime: 2014-01-01 11:00:00 ,level: 8 ,nearest: |[1.0146, 1.40625]| ,std: 3.9940909977016767 ,rms: nan
datetime: 2014-01-01 11:00:00 ,level: 9 ,nearest: |[0.50541, 0.70312]| ,std: 4.1011260356973782 ,rms: nan
datetime: 2014-01-01 11:00:00 ,level: 10 ,nearest: |[0.25223, 0.35156]| ,std: 4.2331637969899472 ,rms: nan
datetime: 2014-01-01 11:00:00 ,level: 11 ,nearest: |[0.12612, 0.17578]| ,std: 4.2374183874244826 ,rms: nan
datetime: 2014-01-01 11:00:00 ,level: 12 ,nearest: |[0.06303, 0.08789]| ,std: 4.2442416718502969 ,rms: nan
datetime: 2014-01-01 11:00:00 ,level: 13 ,nearest: |[0.03151, 0.04395]| ,std: 4.2442801646446995 ,rms: nan
datetime: 2014-01-01 11:00:00 ,level: 14 ,nearest: |[0.01575, 0.02197]| ,std: 4.2443470832775718 ,rms: nan
datetime: 2014-01-01 11:00:00 ,level: 15 ,nearest: |[0.00788, 0.01099]| ,std: 4.2443525393238177 ,rms: nan
datetime: 2014-01-01 11:00:00 ,level: 16 ,nearest: |[0.00394, 0.00549]| ,std: 4.2443639847818426 ,rms: nan
datetime: 2014-01-01 11:00:00 ,level: 17 ,nearest: |[0.00197, 0.00275]| ,std: 4.244370636095443 ,rms: nan
datetime: 2014-01-01 11:00:00 ,level: 18 ,nearest: |[0.00098, 0.00137]| ,std: 4.2443714597775566 ,rms: nan
datetime: 2014-01-01 12:00:00 ,level: 6 ,nearest: |[4.0882, 5.625]| ,std: 1.881340265854166 ,rms: nan
datetime: 2014-01-01 12:00:00 ,level: 7 ,nearest: |[2.0441, 2.8125]| ,std: 2.2494114057611854 ,rms: nan
datetime: 2014-01-01 12:00:00 ,level: 8 ,nearest: |[1.0146, 1.40625]| ,std: 3.4158818488810145 ,rms: nan
datetime: 2014-01-01 12:00:00 ,level: 9 ,nearest: |[0.50541, 0.70312]| ,std: 3.4952492784146756 ,rms: 45.798524681004402
datetime: 2014-01-01 12:00:00 ,level: 10 ,nearest: |[0.25223, 0.35156]| ,std: 3.6437078226335324 ,rms: 27.188154363077604
datetime: 2014-01-01 12:00:00 ,level: 11 ,nearest: |[0.12612, 0.17578]| ,std: 3.6573544173660086 ,rms: 19.071984757020637
datetime: 2014-01-01 12:00:00 ,level: 12 ,nearest: |[0.06303, 0.08789]| ,std: 3.6616423784717398 ,rms: 18.133177865039979
datetime: 2014-01-01 12:00:00 ,level: 13 ,nearest: |[0.03151, 0.04395]| ,std: 3.6626271368762771 ,rms: 16.380111472024915
datetime: 2014-01-01 12:00:00 ,level: 14 ,nearest: |[0.01575, 0.02197]| ,std: 3.6628893874347375 ,rms: 15.801624960743203
datetime: 2014-01-01 12:00:00 ,level: 15 ,nearest: |[0.00788, 0.01099]| ,std: 3.6629264170268421 ,rms: 15.995529592978887
datetime: 2014-01-01 12:00:00 ,level: 16 ,nearest: |[0.00394, 0.00549]| ,std: 3.6629528754528833 ,rms: 15.558726837999989
datetime: 2014-01-01 12:00:00 ,level: 17 ,nearest: |[0.00197, 0.00275]| ,std: 3.6629593308397892 ,rms: 15.477283372334252
datetime: 2014-01-01 12:00:00 ,level: 18 ,nearest: |[0.00098, 0.00137]| ,std: 3.6629616957373758 ,rms: 15.436634540392301
