datetime: 2014-01-01 00:00:00 ,level: 6 ,nearest: |[4.0882, 5.625]| ,std: 39.566810586652046 ,rms: 2888.8580000000002
datetime: 2014-01-01 00:00:00 ,level: 7 ,nearest: |[2.0441, 2.8125]| ,std: 29.189164834746467 ,rms: 5947.3119999999999
datetime: 2014-01-01 00:00:00 ,level: 8 ,nearest: |[1.0146, 1.40625]| ,std: 39.131965866169061 ,rms: 8392.6880000000001
datetime: 2014-01-01 00:00:00 ,level: 9 ,nearest: |[0.50541, 0.70312]| ,std: 46.334671114312805 ,rms: 8801.2880000000005
datetime: 2014-01-01 00:00:00 ,level: 10 ,nearest: |[0.25223, 0.35156]| ,std: 43.586226183151879 ,rms: 6698.2880000000005
datetime: 2014-01-01 00:00:00 ,level: 11 ,nearest: |[0.12612, 0.17578]| ,std: 43.427134584522399 ,rms: 1536.048
datetime: 2014-01-01 00:00:00 ,level: 12 ,nearest: |[0.06303, 0.08789]| ,std: 43.303071422181347 ,rms: 1536.048
datetime: 2014-01-01 00:00:00 ,level: 13 ,nearest: |[0.03151, 0.04395]| ,std: 43.354135164922688 ,rms: 1536.048
datetime: 2014-01-01 00:00:00 ,level: 14 ,nearest: |[0.01575, 0.02197]| ,std: 43.336780363040035 ,rms: 1536.048
datetime: 2014-01-01 00:00:00 ,level: 6 ,nearest: |[4.0882, 5.625]| ,std: 28.467042347247808 ,rms: 2492.3700000000003
datetime: 2014-01-01 00:00:00 ,level: 7 ,nearest: |[2.0441, 2.8125]| ,std: 25.327825607422362 ,rms: 3870.4480000000003
datetime: 2014-01-01 00:00:00 ,level: 8 ,nearest: |[1.0146, 1.40625]| ,std: 41.263126544711767 ,rms: 3923.8480000000004
datetime: 2014-01-01 00:00:00 ,level: 9 ,nearest: |[0.50541, 0.70312]| ,std: 46.028043562749161 ,rms: 3923.8480000000004
datetime: 2014-01-01 00:00:00 ,level: 10 ,nearest: |[0.25223, 0.35156]| ,std: 45.325331176874222 ,rms: 2440.328
datetime: 2014-01-01 00:00:00 ,level: 11 ,nearest: |[0.12612, 0.17578]| ,std: 44.656631528922922 ,rms: 2440.328
datetime: 2014-01-01 00:00:00 ,level: 12 ,nearest: |[0.06303, 0.08789]| ,std: 44.697743576132389 ,rms: 2033.328
datetime: 2014-01-01 00:00:00 ,level: 13 ,nearest: |[0.03151, 0.04395]| ,std: 44.782382726366421 ,rms: 2033.328
datetime: 2014-01-01 00:00:00 ,level: 14 ,nearest: |[0.01575, 0.02197]| ,std: 44.791492775644322 ,rms: 2033.328
datetime: 2014-01-01 00:00:00 ,level: 15 ,nearest: |[0.00788, 0.01099]| ,std: 44.811073792408564 ,rms: 2033.328
datetime: 2014-01-01 00:00:00 ,level: 6 ,nearest: |[4.0882, 5.625]| ,std: 39.566810586652046 ,rms: 6562.1360000000004
datetime: 2014-01-01 00:00:00 ,level: 7 ,nearest: |[2.0441, 2.8125]| ,std: 29.659017916141455 ,rms: 5871.3360000000002
datetime: 2014-01-01 00:00:00 ,level: 8 ,nearest: |[1.0146, 1.40625]| ,std: 41.662536967966105 ,rms: 6515.3360000000002
datetime: 2014-01-01 00:00:00 ,level: 9 ,nearest: |[0.50541, 0.70312]| ,std: 47.910383425450689 ,rms: 11462.48
datetime: 2014-01-01 00:00:00 ,level: 10 ,nearest: |[0.25223, 0.35156]| ,std: 46.912830627025542 ,rms: 11529.679999999998
datetime: 2014-01-01 00:00:00 ,level: 11 ,nearest: |[0.12612, 0.17578]| ,std: 46.803362911036523 ,rms: 8764.7919999999995
datetime: 2014-01-01 00:00:00 ,level: 12 ,nearest: |[0.06303, 0.08789]| ,std: 46.404214012386504 ,rms: 8764.7919999999995
datetime: 2014-01-01 00:00:00 ,level: 13 ,nearest: |[0.03151, 0.04395]| ,std: 46.447131944160503 ,rms: 8764.7919999999995
datetime: 2014-01-01 00:00:00 ,level: 14 ,nearest: |[0.01575, 0.02197]| ,std: 46.436189889894436 ,rms: 8764.7919999999995
datetime: 2014-01-01 00:00:00 ,level: 15 ,nearest: |[0.00788, 0.01099]| ,std: 46.44871492988382 ,rms: 8764.7919999999995
datetime: 2014-01-01 00:00:00 ,level: 6 ,nearest: |[4.0882, 5.625]| ,std: 39.566810586652046 ,rms: 1738.2
datetime: 2014-01-01 00:00:00 ,level: 7 ,nearest: |[2.0441, 2.8125]| ,std: 29.646687736575227 ,rms: 978.39999999999998
datetime: 2014-01-01 00:00:00 ,level: 8 ,nearest: |[1.0146, 1.40625]| ,std: 41.505351880135628 ,rms: 2737.5999999999999
datetime: 2014-01-01 00:00:00 ,level: 9 ,nearest: |[0.50541, 0.70312]| ,std: 46.505124441748727 ,rms: 1778.4000000000001
datetime: 2014-01-01 00:00:00 ,level: 10 ,nearest: |[0.25223, 0.35156]| ,std: 44.296593217386956 ,rms: 1316.5999999999999
datetime: 2014-01-01 00:00:00 ,level: 11 ,nearest: |[0.12612, 0.17578]| ,std: 44.316386163283717 ,rms: 648.79999999999995
datetime: 2014-01-01 00:00:00 ,level: 12 ,nearest: |[0.06303, 0.08789]| ,std: 44.206164878543348 ,rms: 648.79999999999995
datetime: 2014-01-01 00:00:00 ,level: 13 ,nearest: |[0.03151, 0.04395]| ,std: 44.258333571813722 ,rms: 648.79999999999995
datetime: 2014-01-01 00:00:00 ,level: 14 ,nearest: |[0.01575, 0.02197]| ,std: 44.237101959465306 ,rms: 648.79999999999995
datetime: 2014-01-01 00:00:00 ,level: 15 ,nearest: |[0.00788, 0.01099]| ,std: 44.253215407731552 ,rms: 648.79999999999995
datetime: 2014-01-01 00:00:00 ,level: 6 ,nearest: |[4.0882, 5.625]| ,std: 39.566810586652046 ,rms: 2639.0
datetime: 2014-01-01 00:00:00 ,level: 7 ,nearest: |[2.0441, 2.8125]| ,std: 29.678253823296274 ,rms: 1417.0
datetime: 2014-01-01 00:00:00 ,level: 8 ,nearest: |[1.0146, 1.40625]| ,std: 41.487403270173949 ,rms: 1690.4000000000001
datetime: 2014-01-01 00:00:00 ,level: 9 ,nearest: |[0.50541, 0.70312]| ,std: 46.45539630539016 ,rms: 1423.8
datetime: 2014-01-01 00:00:00 ,level: 10 ,nearest: |[0.25223, 0.35156]| ,std: 44.36142766964214 ,rms: 1299.0
datetime: 2014-01-01 00:00:00 ,level: 11 ,nearest: |[0.12612, 0.17578]| ,std: 44.33027764025725 ,rms: 1299.0
datetime: 2014-01-01 00:00:00 ,level: 12 ,nearest: |[0.06303, 0.08789]| ,std: 44.198689020878952 ,rms: 1372.5999999999999
datetime: 2014-01-01 00:00:00 ,level: 13 ,nearest: |[0.03151, 0.04395]| ,std: 44.255027815624366 ,rms: 1372.5999999999999
datetime: 2014-01-01 00:00:00 ,level: 14 ,nearest: |[0.01575, 0.02197]| ,std: 44.238868333856821 ,rms: 1372.5999999999999
datetime: 2014-01-01 00:00:00 ,level: 15 ,nearest: |[0.00788, 0.01099]| ,std: 44.255910454276922 ,rms: 1372.5999999999999
datetime: 2014-01-01 00:00:00 ,level: 6 ,nearest: |[4.0882, 5.625]| ,std: 39.566810586652046 ,rms: 6303.5619999999999
datetime: 2014-01-01 00:00:00 ,level: 7 ,nearest: |[2.0441, 2.8125]| ,std: 29.659017916141455 ,rms: 12293.312
datetime: 2014-01-01 00:00:00 ,level: 8 ,nearest: |[1.0146, 1.40625]| ,std: 33.322226104373946 ,rms: 9151.2720000000008
datetime: 2014-01-01 00:00:00 ,level: 9 ,nearest: |[0.50541, 0.70312]| ,std: 42.776646918973285 ,rms: 7722.5439999999999
datetime: 2014-01-01 00:00:00 ,level: 10 ,nearest: |[0.25223, 0.35156]| ,std: 41.025226127672603 ,rms: 7043.1440000000002
datetime: 2014-01-01 00:00:00 ,level: 11 ,nearest: |[0.12612, 0.17578]| ,std: 41.095237248656744 ,rms: 976.71999999999991
datetime: 2014-01-01 00:00:00 ,level: 12 ,nearest: |[0.06303, 0.08789]| ,std: 41.148024094508152 ,rms: 976.71999999999991
datetime: 2014-01-01 00:00:00 ,level: 13 ,nearest: |[0.03151, 0.04395]| ,std: 41.17709393417595 ,rms: 976.71999999999991
datetime: 2014-01-01 00:00:00 ,level: 14 ,nearest: |[0.01575, 0.02197]| ,std: 41.162569473868594 ,rms: 976.71999999999991
datetime: 2014-01-01 00:00:00 ,level: 15 ,nearest: |[0.00788, 0.01099]| ,std: 41.188556874352997 ,rms: 976.71999999999991
datetime: 2014-01-01 00:00:00 ,level: 6 ,nearest: |[4.0882, 5.625]| ,std: 41.974337397986403 ,rms: 2525.5620000000004
datetime: 2014-01-01 00:00:00 ,level: 7 ,nearest: |[2.0441, 2.8125]| ,std: 28.790601765159408 ,rms: 2055.9620000000004
datetime: 2014-01-01 00:00:00 ,level: 8 ,nearest: |[1.0146, 1.40625]| ,std: 43.210762991010775 ,rms: 1938.3620000000003
datetime: 2014-01-01 00:00:00 ,level: 9 ,nearest: |[0.50541, 0.70312]| ,std: 45.682671388834642 ,rms: 874.56200000000013
datetime: 2014-01-01 00:00:00 ,level: 10 ,nearest: |[0.25223, 0.35156]| ,std: 43.909085849741956 ,rms: 1027.5620000000001
datetime: 2014-01-01 00:00:00 ,level: 11 ,nearest: |[0.12612, 0.17578]| ,std: 43.942648358956056 ,rms: 875.76800000000003
datetime: 2014-01-01 00:00:00 ,level: 12 ,nearest: |[0.06303, 0.08789]| ,std: 43.717918882629931 ,rms: 875.76800000000003
datetime: 2014-01-01 00:00:00 ,level: 13 ,nearest: |[0.03151, 0.04395]| ,std: 43.804706716384132 ,rms: 875.76800000000003
datetime: 2014-01-01 00:00:00 ,level: 14 ,nearest: |[0.01575, 0.02197]| ,std: 43.802943096879353 ,rms: 875.76800000000003
datetime: 2014-01-01 00:00:00 ,level: 15 ,nearest: |[0.00788, 0.01099]| ,std: 43.818286945426962 ,rms: 875.76800000000003
datetime: 2014-01-01 00:00:00 ,level: 6 ,nearest: |[4.0882, 5.625]| ,std: 39.566810586652046 ,rms: 1648.4000000000001
datetime: 2014-01-01 00:00:00 ,level: 7 ,nearest: |[2.0441, 2.8125]| ,std: 29.189164834746467 ,rms: 2384.0
datetime: 2014-01-01 00:00:00 ,level: 8 ,nearest: |[1.0146, 1.40625]| ,std: 39.733607196129661 ,rms: 3733.4000000000001
datetime: 2014-01-01 00:00:00 ,level: 9 ,nearest: |[0.50541, 0.70312]| ,std: 45.377753924321816 ,rms: 3463.0
datetime: 2014-01-01 00:00:00 ,level: 10 ,nearest: |[0.25223, 0.35156]| ,std: 42.850603448415292 ,rms: 2038.4000000000001
datetime: 2014-01-01 00:00:00 ,level: 11 ,nearest: |[0.12612, 0.17578]| ,std: 42.463106949235915 ,rms: 2038.4000000000001
datetime: 2014-01-01 00:00:00 ,level: 12 ,nearest: |[0.06303, 0.08789]| ,std: 42.308100518050132 ,rms: 1784.0
datetime: 2014-01-01 00:00:00 ,level: 13 ,nearest: |[0.03151, 0.04395]| ,std: 42.358808952957602 ,rms: 1784.0
datetime: 2014-01-01 00:00:00 ,level: 14 ,nearest: |[0.01575, 0.02197]| ,std: 42.327114660353416 ,rms: 1784.0
datetime: 2014-01-01 00:00:00 ,level: 15 ,nearest: |[0.00788, 0.01099]| ,std: 42.342295816752049 ,rms: 1784.0
datetime: 2014-01-01 00:00:00 ,level: 6 ,nearest: |[4.0882, 5.625]| ,std: 39.566810586652046 ,rms: 1966.2
datetime: 2014-01-01 00:00:00 ,level: 7 ,nearest: |[2.0441, 2.8125]| ,std: 29.659017916141455 ,rms: 2086.1999999999998
datetime: 2014-01-01 00:00:00 ,level: 8 ,nearest: |[1.0146, 1.40625]| ,std: 40.927316734694941 ,rms: 3394.8000000000002
datetime: 2014-01-01 00:00:00 ,level: 9 ,nearest: |[0.50541, 0.70312]| ,std: 45.836314971332726 ,rms: 2999.4000000000001
datetime: 2014-01-01 00:00:00 ,level: 10 ,nearest: |[0.25223, 0.35156]| ,std: 44.569569414119137 ,rms: 1742.0
datetime: 2014-01-01 00:00:00 ,level: 11 ,nearest: |[0.12612, 0.17578]| ,std: 43.526165893773197 ,rms: 2203.4000000000001
datetime: 2014-01-01 00:00:00 ,level: 12 ,nearest: |[0.06303, 0.08789]| ,std: 43.66147911776099 ,rms: 1546.8
datetime: 2014-01-01 00:00:00 ,level: 13 ,nearest: |[0.03151, 0.04395]| ,std: 43.745555269058023 ,rms: 1546.8
datetime: 2014-01-01 00:00:00 ,level: 14 ,nearest: |[0.01575, 0.02197]| ,std: 43.728005968451939 ,rms: 1546.8
datetime: 2014-01-01 00:00:00 ,level: 15 ,nearest: |[0.00788, 0.01099]| ,std: 43.74217331843014 ,rms: 1546.8
datetime: 2014-01-01 00:00:00 ,level: 6 ,nearest: |[4.0882, 5.625]| ,std: 39.566810586652046 ,rms: 3439.2980000000002
datetime: 2014-01-01 00:00:00 ,level: 7 ,nearest: |[2.0441, 2.8125]| ,std: 29.659017916141455 ,rms: 4158.2960000000003
datetime: 2014-01-01 00:00:00 ,level: 8 ,nearest: |[1.0146, 1.40625]| ,std: 40.512464973632447 ,rms: 5799.2480000000005
datetime: 2014-01-01 00:00:00 ,level: 9 ,nearest: |[0.50541, 0.70312]| ,std: 47.863242349206004 ,rms: 10875.191999999999
datetime: 2014-01-01 00:00:00 ,level: 10 ,nearest: |[0.25223, 0.35156]| ,std: 46.52114238417726 ,rms: 9976.1919999999991
datetime: 2014-01-01 00:00:00 ,level: 11 ,nearest: |[0.12612, 0.17578]| ,std: 46.199772415878115 ,rms: 8720.0419999999995
datetime: 2014-01-01 00:00:00 ,level: 12 ,nearest: |[0.06303, 0.08789]| ,std: 45.856035715238136 ,rms: 8720.0419999999995
datetime: 2014-01-01 00:00:00 ,level: 13 ,nearest: |[0.03151, 0.04395]| ,std: 45.903648819575039 ,rms: 8720.0419999999995
datetime: 2014-01-01 00:00:00 ,level: 14 ,nearest: |[0.01575, 0.02197]| ,std: 45.896174709797869 ,rms: 8720.0419999999995
datetime: 2014-01-01 00:00:00 ,level: 15 ,nearest: |[0.00788, 0.01099]| ,std: 45.911257961071406 ,rms: 8720.0419999999995
datetime: 2014-01-01 00:00:00 ,level: 6 ,nearest: |[4.0882, 5.625]| ,std: 39.566810586652046 ,rms: 3003.6500000000001
datetime: 2014-01-01 00:00:00 ,level: 7 ,nearest: |[2.0441, 2.8125]| ,std: 31.381055192583947 ,rms: 1544.568
datetime: 2014-01-01 00:00:00 ,level: 8 ,nearest: |[1.0146, 1.40625]| ,std: 40.209659084273135 ,rms: 3833.6880000000006
datetime: 2014-01-01 00:00:00 ,level: 9 ,nearest: |[0.50541, 0.70312]| ,std: 45.650051513178134 ,rms: 3803.0
datetime: 2014-01-01 00:00:00 ,level: 10 ,nearest: |[0.25223, 0.35156]| ,std: 43.217163981403871 ,rms: 2501.5999999999999
datetime: 2014-01-01 00:00:00 ,level: 11 ,nearest: |[0.12612, 0.17578]| ,std: 42.832257670007579 ,rms: 2410.4000000000001
datetime: 2014-01-01 00:00:00 ,level: 12 ,nearest: |[0.06303, 0.08789]| ,std: 42.724031500184822 ,rms: 2082.4000000000001
datetime: 2014-01-01 00:00:00 ,level: 13 ,nearest: |[0.03151, 0.04395]| ,std: 42.781462397904711 ,rms: 2082.4000000000001
datetime: 2014-01-01 00:00:00 ,level: 14 ,nearest: |[0.01575, 0.02197]| ,std: 42.756821794029598 ,rms: 2082.4000000000001
datetime: 2014-01-01 00:00:00 ,level: 15 ,nearest: |[0.00788, 0.01099]| ,std: 42.775546820434073 ,rms: 2082.4000000000001
datetime: 2014-01-01 00:00:00 ,level: 6 ,nearest: |[4.0882, 5.625]| ,std: 39.566810586652046 ,rms: 1643.6500000000001
datetime: 2014-01-01 00:00:00 ,level: 7 ,nearest: |[2.0441, 2.8125]| ,std: 29.659017916141455 ,rms: 2302.8480000000004
datetime: 2014-01-01 00:00:00 ,level: 8 ,nearest: |[1.0146, 1.40625]| ,std: 42.669046008141528 ,rms: 1061.4000000000001
datetime: 2014-01-01 00:00:00 ,level: 9 ,nearest: |[0.50541, 0.70312]| ,std: 45.918825973991559 ,rms: 1535.5999999999999
datetime: 2014-01-01 00:00:00 ,level: 10 ,nearest: |[0.25223, 0.35156]| ,std: 44.25502905036786 ,rms: 2360.5999999999999
datetime: 2014-01-01 00:00:00 ,level: 11 ,nearest: |[0.12612, 0.17578]| ,std: 44.036277322212705 ,rms: 814.64999999999998
datetime: 2014-01-01 00:00:00 ,level: 12 ,nearest: |[0.06303, 0.08789]| ,std: 43.982344384365497 ,rms: 814.64999999999998
datetime: 2014-01-01 00:00:00 ,level: 13 ,nearest: |[0.03151, 0.04395]| ,std: 44.056104459443979 ,rms: 814.64999999999998
datetime: 2014-01-01 00:00:00 ,level: 14 ,nearest: |[0.01575, 0.02197]| ,std: 44.035777122891574 ,rms: 814.64999999999998
datetime: 2014-01-01 00:00:00 ,level: 15 ,nearest: |[0.00788, 0.01099]| ,std: 44.056041720125471 ,rms: 814.64999999999998
datetime: 2014-01-01 00:00:00 ,level: 16 ,nearest: |[0.00394, 0.00549]| ,std: 44.051143479893696 ,rms: 814.64999999999998
datetime: 2014-01-01 00:00:00 ,level: 17 ,nearest: |[0.00197, 0.00275]| ,std: 44.061400396427274 ,rms: 814.64999999999998
datetime: 2014-01-01 00:00:00 ,level: 6 ,nearest: |[4.0882, 5.625]| ,std: 28.467042347247808 ,rms: 5137.5540000000019
datetime: 2014-01-01 00:00:00 ,level: 7 ,nearest: |[2.0441, 2.8125]| ,std: 20.754242789126273 ,rms: 5194.2340000000004
datetime: 2014-01-01 00:00:00 ,level: 8 ,nearest: |[1.0146, 1.40625]| ,std: 41.500756078679352 ,rms: 5724.8980000000001
datetime: 2014-01-01 00:00:00 ,level: 9 ,nearest: |[0.50541, 0.70312]| ,std: 45.820473746270615 ,rms: 5672.8980000000001
datetime: 2014-01-01 00:00:00 ,level: 10 ,nearest: |[0.25223, 0.35156]| ,std: 44.299334056494502 ,rms: 4189.3779999999997
datetime: 2014-01-01 00:00:00 ,level: 11 ,nearest: |[0.12612, 0.17578]| ,std: 44.538562676205224 ,rms: 2815.9540000000002
datetime: 2014-01-01 00:00:00 ,level: 12 ,nearest: |[0.06303, 0.08789]| ,std: 44.518650715525176 ,rms: 2815.9540000000002
datetime: 2014-01-01 00:00:00 ,level: 13 ,nearest: |[0.03151, 0.04395]| ,std: 44.507518626347064 ,rms: 3207.9540000000002
datetime: 2014-01-01 00:00:00 ,level: 14 ,nearest: |[0.01575, 0.02197]| ,std: 44.515412130753205 ,rms: 3207.9540000000002
datetime: 2014-01-01 00:00:00 ,level: 15 ,nearest: |[0.00788, 0.01099]| ,std: 44.557632551513215 ,rms: 3207.9540000000002
datetime: 2014-01-01 00:00:00 ,level: 16 ,nearest: |[0.00394, 0.00549]| ,std: 44.545239686766173 ,rms: 3207.9540000000002
datetime: 2014-01-01 00:00:00 ,level: 6 ,nearest: |[4.0882, 5.625]| ,std: 39.566810586652046 ,rms: 1829.0119999999995
datetime: 2014-01-01 00:00:00 ,level: 7 ,nearest: |[2.0441, 2.8125]| ,std: 29.753589594366591 ,rms: 7758.3599999999988
datetime: 2014-01-01 00:00:00 ,level: 8 ,nearest: |[1.0146, 1.40625]| ,std: 38.526210267180709 ,rms: 8120.0720000000001
datetime: 2014-01-01 00:00:00 ,level: 9 ,nearest: |[0.50541, 0.70312]| ,std: 44.581174405505415 ,rms: 8013.8720000000003
datetime: 2014-01-01 00:00:00 ,level: 10 ,nearest: |[0.25223, 0.35156]| ,std: 44.008811895195223 ,rms: 8013.8720000000003
datetime: 2014-01-01 00:00:00 ,level: 11 ,nearest: |[0.12612, 0.17578]| ,std: 43.762213883618386 ,rms: 1929.498
datetime: 2014-01-01 00:00:00 ,level: 12 ,nearest: |[0.06303, 0.08789]| ,std: 43.769811690620131 ,rms: 1929.498
datetime: 2014-01-01 00:00:00 ,level: 13 ,nearest: |[0.03151, 0.04395]| ,std: 43.811459282843323 ,rms: 2154.498
datetime: 2014-01-01 00:00:00 ,level: 14 ,nearest: |[0.01575, 0.02197]| ,std: 43.797956045855393 ,rms: 2154.498
datetime: 2014-01-01 00:00:00 ,level: 15 ,nearest: |[0.00788, 0.01099]| ,std: 43.825870780384719 ,rms: 2154.498
datetime: 2014-01-01 00:00:00 ,level: 16 ,nearest: |[0.00394, 0.00549]| ,std: 43.822112455109512 ,rms: 2154.498
datetime: 2014-01-01 00:00:00 ,level: 17 ,nearest: |[0.00197, 0.00275]| ,std: 43.829445755168109 ,rms: 2154.498
datetime: 2014-01-01 00:00:00 ,level: 18 ,nearest: |[0.00098, 0.00137]| ,std: 43.830310223726997 ,rms: 2154.498
datetime: 2014-01-01 00:00:00 ,level: 6 ,nearest: |[4.0882, 5.625]| ,std: 43.416960971491314 ,rms: 978.60000000000002
datetime: 2014-01-01 00:00:00 ,level: 7 ,nearest: |[2.0441, 2.8125]| ,std: 56.14257380767291 ,rms: 795.79999999999995
datetime: 2014-01-01 00:00:00 ,level: 8 ,nearest: |[1.0146, 1.40625]| ,std: 49.706825179121587 ,rms: 1694.2
datetime: 2014-01-01 00:00:00 ,level: 9 ,nearest: |[0.50541, 0.70312]| ,std: 49.695309956671721 ,rms: 513.0
datetime: 2014-01-01 00:00:00 ,level: 10 ,nearest: |[0.25223, 0.35156]| ,std: 49.537906693314675 ,rms: 752.20000000000005
datetime: 2014-01-01 00:00:00 ,level: 11 ,nearest: |[0.12612, 0.17578]| ,std: 49.210079563665083 ,rms: 10112.200000000001
datetime: 2014-01-01 00:00:00 ,level: 12 ,nearest: |[0.06303, 0.08789]| ,std: 49.312088631649509 ,rms: 9705.2000000000007
datetime: 2014-01-01 00:00:00 ,level: 13 ,nearest: |[0.03151, 0.04395]| ,std: 49.441549211318446 ,rms: 9705.2000000000007
datetime: 2014-01-01 00:00:00 ,level: 14 ,nearest: |[0.01575, 0.02197]| ,std: 49.441975035188293 ,rms: 9705.2000000000007
datetime: 2014-01-01 00:00:00 ,level: 15 ,nearest: |[0.00788, 0.01099]| ,std: 49.457947346126289 ,rms: 9705.2000000000007
datetime: 2014-01-01 00:00:00 ,level: 16 ,nearest: |[0.00394, 0.00549]| ,std: 49.460565408694478 ,rms: 9705.2000000000007
datetime: 2014-01-01 00:00:00 ,level: 17 ,nearest: |[0.00197, 0.00275]| ,std: 49.471218023806586 ,rms: 9705.2000000000007
datetime: 2014-01-01 00:00:00 ,level: 18 ,nearest: |[0.00098, 0.00137]| ,std: 49.471883151549761 ,rms: 9705.2000000000007
datetime: 2014-01-01 00:00:00 ,level: 6 ,nearest: |[4.0882, 5.625]| ,std: 40.569284871685873 ,rms: 2112.3380000000002
datetime: 2014-01-01 00:00:00 ,level: 7 ,nearest: |[2.0441, 2.8125]| ,std: 29.776201041057941 ,rms: 1150.018
datetime: 2014-01-01 00:00:00 ,level: 8 ,nearest: |[1.0146, 1.40625]| ,std: 43.007294965861441 ,rms: 6633.8179999999993
datetime: 2014-01-01 00:00:00 ,level: 9 ,nearest: |[0.50541, 0.70312]| ,std: 46.620472402950789 ,rms: 1878.578
datetime: 2014-01-01 00:00:00 ,level: 10 ,nearest: |[0.25223, 0.35156]| ,std: 46.024999568302441 ,rms: 1256.778
datetime: 2014-01-01 00:00:00 ,level: 11 ,nearest: |[0.12612, 0.17578]| ,std: 45.253472037096685 ,rms: 1256.778
datetime: 2014-01-01 00:00:00 ,level: 12 ,nearest: |[0.06303, 0.08789]| ,std: 45.330874682135445 ,rms: 849.77800000000002
datetime: 2014-01-01 00:00:00 ,level: 13 ,nearest: |[0.03151, 0.04395]| ,std: 45.47606325880102 ,rms: 849.77800000000002
datetime: 2014-01-01 00:00:00 ,level: 14 ,nearest: |[0.01575, 0.02197]| ,std: 45.479594408395144 ,rms: 849.77800000000002
datetime: 2014-01-01 00:00:00 ,level: 15 ,nearest: |[0.00788, 0.01099]| ,std: 45.489687622451527 ,rms: 849.77800000000002
datetime: 2014-01-01 00:00:00 ,level: 16 ,nearest: |[0.00394, 0.00549]| ,std: 45.491514601271739 ,rms: 849.77800000000002
datetime: 2014-01-01 00:00:00 ,level: 17 ,nearest: |[0.00197, 0.00275]| ,std: 45.501352115075875 ,rms: 849.77800000000002
datetime: 2014-01-01 00:00:00 ,level: 18 ,nearest: |[0.00098, 0.00137]| ,std: 45.502132253152638 ,rms: 849.77800000000002
datetime: 2014-01-01 00:00:00 ,level: 6 ,nearest: |[4.0882, 5.625]| ,std: 39.566810586652046 ,rms: 2783.1379999999999
datetime: 2014-01-01 00:00:00 ,level: 7 ,nearest: |[2.0441, 2.8125]| ,std: 29.659017916141455 ,rms: 1694.1380000000001
datetime: 2014-01-01 00:00:00 ,level: 8 ,nearest: |[1.0146, 1.40625]| ,std: 42.780697893382921 ,rms: 2228.7380000000003
datetime: 2014-01-01 00:00:00 ,level: 9 ,nearest: |[0.50541, 0.70312]| ,std: 46.28207135733642 ,rms: 182.322
datetime: 2014-01-01 00:00:00 ,level: 10 ,nearest: |[0.25223, 0.35156]| ,std: 44.303762762496241 ,rms: 182.322
datetime: 2014-01-01 00:00:00 ,level: 11 ,nearest: |[0.12612, 0.17578]| ,std: 43.925239456554323 ,rms: 210.16799999999998
datetime: 2014-01-01 00:00:00 ,level: 12 ,nearest: |[0.06303, 0.08789]| ,std: 43.929500428257001 ,rms: 1021.3680000000001
datetime: 2014-01-01 00:00:00 ,level: 13 ,nearest: |[0.03151, 0.04395]| ,std: 44.063483374804669 ,rms: 1021.3680000000001
datetime: 2014-01-01 00:00:00 ,level: 14 ,nearest: |[0.01575, 0.02197]| ,std: 44.032672692483153 ,rms: 1021.3680000000001
datetime: 2014-01-01 00:00:00 ,level: 15 ,nearest: |[0.00788, 0.01099]| ,std: 44.053475754773821 ,rms: 1021.3680000000001
datetime: 2014-01-01 00:00:00 ,level: 16 ,nearest: |[0.00394, 0.00549]| ,std: 44.0516241283878 ,rms: 1021.3680000000001
datetime: 2014-01-01 00:00:00 ,level: 17 ,nearest: |[0.00197, 0.00275]| ,std: 44.06131675444891 ,rms: 1021.3680000000001
datetime: 2014-01-01 00:00:00 ,level: 18 ,nearest: |[0.00098, 0.00137]| ,std: 44.062204380547072 ,rms: 1021.3680000000001
datetime: 2014-01-01 00:00:00 ,level: 6 ,nearest: |[4.0882, 5.625]| ,std: 39.566810586652046 ,rms: 2944.5
datetime: 2014-01-01 00:00:00 ,level: 7 ,nearest: |[2.0441, 2.8125]| ,std: 29.189164834746467 ,rms: 7608.4499999999998
datetime: 2014-01-01 00:00:00 ,level: 8 ,nearest: |[1.0146, 1.40625]| ,std: 38.41082635966913 ,rms: 7672.4100000000008
datetime: 2014-01-01 00:00:00 ,level: 9 ,nearest: |[0.50541, 0.70312]| ,std: 45.162199276873089 ,rms: 6212.5940000000001
datetime: 2014-01-01 00:00:00 ,level: 10 ,nearest: |[0.25223, 0.35156]| ,std: 44.133611274854857 ,rms: 7291.5940000000001
datetime: 2014-01-01 00:00:00 ,level: 11 ,nearest: |[0.12612, 0.17578]| ,std: 43.655510842644368 ,rms: 1271.2159999999999
datetime: 2014-01-01 00:00:00 ,level: 12 ,nearest: |[0.06303, 0.08789]| ,std: 43.670533520021678 ,rms: 1344.816
datetime: 2014-01-01 00:00:00 ,level: 13 ,nearest: |[0.03151, 0.04395]| ,std: 43.7725701482413 ,rms: 265.81599999999992
datetime: 2014-01-01 00:00:00 ,level: 14 ,nearest: |[0.01575, 0.02197]| ,std: 43.751045932897036 ,rms: 265.81599999999992
datetime: 2014-01-01 00:00:00 ,level: 15 ,nearest: |[0.00788, 0.01099]| ,std: 43.775629917292669 ,rms: 265.81599999999992
datetime: 2014-01-01 00:00:00 ,level: 16 ,nearest: |[0.00394, 0.00549]| ,std: 43.774996758216027 ,rms: 265.81599999999992
datetime: 2014-01-01 00:00:00 ,level: 17 ,nearest: |[0.00197, 0.00275]| ,std: 43.781254801990002 ,rms: 265.81599999999992
datetime: 2014-01-01 00:00:00 ,level: 18 ,nearest: |[0.00098, 0.00137]| ,std: 43.781950761654699 ,rms: 265.81599999999992
datetime: 2014-01-01 00:00:00 ,level: 6 ,nearest: |[4.0882, 5.625]| ,std: 39.566810586652046 ,rms: 695.60000000000002
datetime: 2014-01-01 00:00:00 ,level: 7 ,nearest: |[2.0441, 2.8125]| ,std: 55.526354947448155 ,rms: 708.79999999999995
datetime: 2014-01-01 00:00:00 ,level: 8 ,nearest: |[1.0146, 1.40625]| ,std: 48.979724043188924 ,rms: 260.60000000000002
datetime: 2014-01-01 00:00:00 ,level: 9 ,nearest: |[0.50541, 0.70312]| ,std: 49.418848586958674 ,rms: 317.19999999999999
datetime: 2014-01-01 00:00:00 ,level: 10 ,nearest: |[0.25223, 0.35156]| ,std: 48.142663957127361 ,rms: 658.20000000000005
datetime: 2014-01-01 00:00:00 ,level: 11 ,nearest: |[0.12612, 0.17578]| ,std: 48.461036051095611 ,rms: 9576.0
datetime: 2014-01-01 00:00:00 ,level: 12 ,nearest: |[0.06303, 0.08789]| ,std: 48.487129468123747 ,rms: 9576.0
datetime: 2014-01-01 00:00:00 ,level: 13 ,nearest: |[0.03151, 0.04395]| ,std: 48.572505353199972 ,rms: 9576.0
datetime: 2014-01-01 00:00:00 ,level: 14 ,nearest: |[0.01575, 0.02197]| ,std: 48.557239748861235 ,rms: 9576.0
datetime: 2014-01-01 00:00:00 ,level: 15 ,nearest: |[0.00788, 0.01099]| ,std: 48.578650619155745 ,rms: 9576.0
datetime: 2014-01-01 00:00:00 ,level: 16 ,nearest: |[0.00394, 0.00549]| ,std: 48.579028924385554 ,rms: 9576.0
datetime: 2014-01-01 00:00:00 ,level: 17 ,nearest: |[0.00197, 0.00275]| ,std: 48.589757008227451 ,rms: 9576.0
datetime: 2014-01-01 00:00:00 ,level: 6 ,nearest: |[4.0882, 5.625]| ,std: 0.0 ,rms: nan
datetime: 2014-01-01 00:00:00 ,level: 7 ,nearest: |[2.0441, 2.8125]| ,std: 12.835471085994465 ,rms: nan
datetime: 2014-01-01 00:00:00 ,level: 8 ,nearest: |[1.0146, 1.40625]| ,std: 28.012539381766437 ,rms: nan
datetime: 2014-01-01 00:00:00 ,level: 9 ,nearest: |[0.50541, 0.70312]| ,std: 33.116255767330735 ,rms: nan
datetime: 2014-01-01 00:00:00 ,level: 10 ,nearest: |[0.25223, 0.35156]| ,std: 31.973482878655343 ,rms: nan
datetime: 2014-01-01 00:00:00 ,level: 11 ,nearest: |[0.12612, 0.17578]| ,std: 32.248056600454682 ,rms: nan
datetime: 2014-01-01 00:00:00 ,level: 12 ,nearest: |[0.06303, 0.08789]| ,std: 32.241863061485489 ,rms: nan
datetime: 2014-01-01 00:00:00 ,level: 13 ,nearest: |[0.03151, 0.04395]| ,std: 32.253055626506772 ,rms: nan
datetime: 2014-01-01 00:00:00 ,level: 14 ,nearest: |[0.01575, 0.02197]| ,std: 32.245791092851547 ,rms: nan
datetime: 2014-01-01 00:00:00 ,level: 15 ,nearest: |[0.00788, 0.01099]| ,std: 32.247103246565807 ,rms: nan
datetime: 2014-01-01 00:00:00 ,level: 16 ,nearest: |[0.00394, 0.00549]| ,std: 32.243802079810486 ,rms: nan
datetime: 2014-01-01 00:00:00 ,level: 17 ,nearest: |[0.00197, 0.00275]| ,std: 32.244193975904636 ,rms: nan
datetime: 2014-01-01 00:00:00 ,level: 18 ,nearest: |[0.00098, 0.00137]| ,std: 32.244028878186143 ,rms: nan
datetime: 2014-01-01 00:00:00 ,level: 6 ,nearest: |[4.0882, 5.625]| ,std: 0.0 ,rms: nan
datetime: 2014-01-01 00:00:00 ,level: 7 ,nearest: |[2.0441, 2.8125]| ,std: 12.935023681398432 ,rms: nan
datetime: 2014-01-01 00:00:00 ,level: 8 ,nearest: |[1.0146, 1.40625]| ,std: 28.313853560033294 ,rms: nan
datetime: 2014-01-01 00:00:00 ,level: 9 ,nearest: |[0.50541, 0.70312]| ,std: 33.92159056550981 ,rms: nan
datetime: 2014-01-01 00:00:00 ,level: 10 ,nearest: |[0.25223, 0.35156]| ,std: 32.777759144052752 ,rms: 374.43348348034544
datetime: 2014-01-01 00:00:00 ,level: 11 ,nearest: |[0.12612, 0.17578]| ,std: 32.955528019083488 ,rms: 330.3910480733814
datetime: 2014-01-01 00:00:00 ,level: 12 ,nearest: |[0.06303, 0.08789]| ,std: 32.931709540519236 ,rms: 445.73717432585352
datetime: 2014-01-01 00:00:00 ,level: 13 ,nearest: |[0.03151, 0.04395]| ,std: 32.945195801204896 ,rms: 419.953671447776
datetime: 2014-01-01 00:00:00 ,level: 14 ,nearest: |[0.01575, 0.02197]| ,std: 32.937429570916784 ,rms: 431.88477195681543
datetime: 2014-01-01 00:00:00 ,level: 15 ,nearest: |[0.00788, 0.01099]| ,std: 32.938477025028519 ,rms: 418.9983304567134
datetime: 2014-01-01 00:00:00 ,level: 16 ,nearest: |[0.00394, 0.00549]| ,std: 32.935223905454343 ,rms: 421.43524852709891
datetime: 2014-01-01 00:00:00 ,level: 17 ,nearest: |[0.00197, 0.00275]| ,std: 32.935599964222156 ,rms: 418.58858155489236
datetime: 2014-01-01 00:00:00 ,level: 18 ,nearest: |[0.00098, 0.00137]| ,std: 32.935447803732472 ,rms: 418.47894311494957
datetime: 2014-01-01 00:00:00 ,level: 6 ,nearest: |[4.0882, 5.625]| ,std: 0.0 ,rms: nan
datetime: 2014-01-01 00:00:00 ,level: 7 ,nearest: |[2.0441, 2.8125]| ,std: 15.859488666455123 ,rms: nan
datetime: 2014-01-01 00:00:00 ,level: 8 ,nearest: |[1.0146, 1.40625]| ,std: 27.638009830119088 ,rms: nan
datetime: 2014-01-01 00:00:00 ,level: 9 ,nearest: |[0.50541, 0.70312]| ,std: 33.364475040854252 ,rms: nan
datetime: 2014-01-01 00:00:00 ,level: 10 ,nearest: |[0.25223, 0.35156]| ,std: 32.279436234520404 ,rms: nan
datetime: 2014-01-01 00:00:00 ,level: 11 ,nearest: |[0.12612, 0.17578]| ,std: 32.556878393407764 ,rms: nan
datetime: 2014-01-01 00:00:00 ,level: 12 ,nearest: |[0.06303, 0.08789]| ,std: 32.436911624957148 ,rms: nan
datetime: 2014-01-01 00:00:00 ,level: 13 ,nearest: |[0.03151, 0.04395]| ,std: 32.445387281498199 ,rms: nan
datetime: 2014-01-01 00:00:00 ,level: 14 ,nearest: |[0.01575, 0.02197]| ,std: 32.437753747981255 ,rms: nan
datetime: 2014-01-01 00:00:00 ,level: 15 ,nearest: |[0.00788, 0.01099]| ,std: 32.437216115851903 ,rms: nan
datetime: 2014-01-01 00:00:00 ,level: 16 ,nearest: |[0.00394, 0.00549]| ,std: 32.434254955947203 ,rms: nan
datetime: 2014-01-01 00:00:00 ,level: 17 ,nearest: |[0.00197, 0.00275]| ,std: 32.434433937238843 ,rms: nan
datetime: 2014-01-01 00:00:00 ,level: 18 ,nearest: |[0.00098, 0.00137]| ,std: 32.434346424786973 ,rms: nan
datetime: 2014-01-01 00:00:00 ,level: 6 ,nearest: |[4.0882, 5.625]| ,std: 0.0 ,rms: nan
datetime: 2014-01-01 00:00:00 ,level: 7 ,nearest: |[2.0441, 2.8125]| ,std: 17.610415498811587 ,rms: nan
datetime: 2014-01-01 00:00:00 ,level: 8 ,nearest: |[1.0146, 1.40625]| ,std: 35.418207234429879 ,rms: nan
datetime: 2014-01-01 00:00:00 ,level: 9 ,nearest: |[0.50541, 0.70312]| ,std: 37.779074031242025 ,rms: nan
datetime: 2014-01-01 00:00:00 ,level: 10 ,nearest: |[0.25223, 0.35156]| ,std: 38.237232707360313 ,rms: nan
datetime: 2014-01-01 00:00:00 ,level: 11 ,nearest: |[0.12612, 0.17578]| ,std: 37.596519852754646 ,rms: nan
datetime: 2014-01-01 00:00:00 ,level: 12 ,nearest: |[0.06303, 0.08789]| ,std: 37.846209784598372 ,rms: nan
datetime: 2014-01-01 00:00:00 ,level: 13 ,nearest: |[0.03151, 0.04395]| ,std: 37.851226402981439 ,rms: nan
datetime: 2014-01-01 00:00:00 ,level: 14 ,nearest: |[0.01575, 0.02197]| ,std: 37.853983103048535 ,rms: nan
datetime: 2014-01-01 00:00:00 ,level: 15 ,nearest: |[0.00788, 0.01099]| ,std: 37.855833874584263 ,rms: nan
datetime: 2014-01-01 00:00:00 ,level: 16 ,nearest: |[0.00394, 0.00549]| ,std: 37.853921093808786 ,rms: nan
datetime: 2014-01-01 00:00:00 ,level: 17 ,nearest: |[0.00197, 0.00275]| ,std: 37.854107018829282 ,rms: nan
datetime: 2014-01-01 00:00:00 ,level: 18 ,nearest: |[0.00098, 0.00137]| ,std: 37.853970251097962 ,rms: nan
datetime: 2014-01-01 00:00:00 ,level: 6 ,nearest: |[4.0882, 5.625]| ,std: 0.0 ,rms: nan
datetime: 2014-01-01 00:00:00 ,level: 7 ,nearest: |[2.0441, 2.8125]| ,std: 11.848814753670011 ,rms: nan
datetime: 2014-01-01 00:00:00 ,level: 8 ,nearest: |[1.0146, 1.40625]| ,std: 27.872226627208377 ,rms: nan
datetime: 2014-01-01 00:00:00 ,level: 9 ,nearest: |[0.50541, 0.70312]| ,std: 31.433439771751136 ,rms: nan
datetime: 2014-01-01 00:00:00 ,level: 10 ,nearest: |[0.25223, 0.35156]| ,std: 29.723006410298453 ,rms: nan
datetime: 2014-01-01 00:00:00 ,level: 11 ,nearest: |[0.12612, 0.17578]| ,std: 30.047160841283024 ,rms: nan
datetime: 2014-01-01 00:00:00 ,level: 12 ,nearest: |[0.06303, 0.08789]| ,std: 30.042498851844563 ,rms: 1463.7180241294041
datetime: 2014-01-01 00:00:00 ,level: 13 ,nearest: |[0.03151, 0.04395]| ,std: 30.070650278864164 ,rms: 1572.6561878488285
datetime: 2014-01-01 00:00:00 ,level: 14 ,nearest: |[0.01575, 0.02197]| ,std: 30.063421547536212 ,rms: 1597.3973860290309
datetime: 2014-01-01 00:00:00 ,level: 15 ,nearest: |[0.00788, 0.01099]| ,std: 30.065338238016725 ,rms: 1664.0998430927909
datetime: 2014-01-01 00:00:00 ,level: 16 ,nearest: |[0.00394, 0.00549]| ,std: 30.061560350106234 ,rms: 1646.1419882248363
datetime: 2014-01-01 00:00:00 ,level: 17 ,nearest: |[0.00197, 0.00275]| ,std: 30.062038840959914 ,rms: 1665.7582071602415
datetime: 2014-01-01 00:00:00 ,level: 18 ,nearest: |[0.00098, 0.00137]| ,std: 30.061871578244872 ,rms: 1664.0009993562403
datetime: 2014-01-01 01:00:00 ,level: 6 ,nearest: |[4.0882, 5.625]| ,std: 0.0 ,rms: nan
datetime: 2014-01-01 01:00:00 ,level: 7 ,nearest: |[2.0441, 2.8125]| ,std: 11.0748224601865 ,rms: nan
datetime: 2014-01-01 01:00:00 ,level: 8 ,nearest: |[1.0146, 1.40625]| ,std: 17.74222814994355 ,rms: nan
datetime: 2014-01-01 01:00:00 ,level: 9 ,nearest: |[0.50541, 0.70312]| ,std: 25.010033013105655 ,rms: nan
datetime: 2014-01-01 01:00:00 ,level: 10 ,nearest: |[0.25223, 0.35156]| ,std: 23.378329493953583 ,rms: nan
datetime: 2014-01-01 01:00:00 ,level: 11 ,nearest: |[0.12612, 0.17578]| ,std: 23.121562678875815 ,rms: nan
datetime: 2014-01-01 01:00:00 ,level: 12 ,nearest: |[0.06303, 0.08789]| ,std: 23.429902424502849 ,rms: nan
datetime: 2014-01-01 01:00:00 ,level: 13 ,nearest: |[0.03151, 0.04395]| ,std: 23.536586635767357 ,rms: nan
datetime: 2014-01-01 01:00:00 ,level: 14 ,nearest: |[0.01575, 0.02197]| ,std: 23.491356162702154 ,rms: nan
datetime: 2014-01-01 01:00:00 ,level: 15 ,nearest: |[0.00788, 0.01099]| ,std: 23.494272510520037 ,rms: nan
datetime: 2014-01-01 01:00:00 ,level: 16 ,nearest: |[0.00394, 0.00549]| ,std: 23.488062726187799 ,rms: nan
datetime: 2014-01-01 01:00:00 ,level: 17 ,nearest: |[0.00197, 0.00275]| ,std: 23.489806882667057 ,rms: nan
datetime: 2014-01-01 01:00:00 ,level: 18 ,nearest: |[0.00098, 0.00137]| ,std: 23.489462528965575 ,rms: nan
datetime: 2014-01-01 01:00:00 ,level: 6 ,nearest: |[4.0882, 5.625]| ,std: 0.0 ,rms: nan
datetime: 2014-01-01 01:00:00 ,level: 7 ,nearest: |[2.0441, 2.8125]| ,std: 11.0748224601865 ,rms: nan
datetime: 2014-01-01 01:00:00 ,level: 8 ,nearest: |[1.0146, 1.40625]| ,std: 22.712192525902587 ,rms: nan
datetime: 2014-01-01 01:00:00 ,level: 9 ,nearest: |[0.50541, 0.70312]| ,std: 28.994982078535394 ,rms: nan
datetime: 2014-01-01 01:00:00 ,level: 10 ,nearest: |[0.25223, 0.35156]| ,std: 27.986803763657885 ,rms: nan
datetime: 2014-01-01 01:00:00 ,level: 11 ,nearest: |[0.12612, 0.17578]| ,std: 28.168366572160366 ,rms: nan
datetime: 2014-01-01 01:00:00 ,level: 12 ,nearest: |[0.06303, 0.08789]| ,std: 28.349188572826126 ,rms: nan
datetime: 2014-01-01 01:00:00 ,level: 13 ,nearest: |[0.03151, 0.04395]| ,std: 28.395017384179322 ,rms: 1156.7977579340898
datetime: 2014-01-01 01:00:00 ,level: 14 ,nearest: |[0.01575, 0.02197]| ,std: 28.380630306565742 ,rms: 1063.961197719917
datetime: 2014-01-01 01:00:00 ,level: 15 ,nearest: |[0.00788, 0.01099]| ,std: 28.382658301901103 ,rms: 1079.4077621671759
datetime: 2014-01-01 01:00:00 ,level: 16 ,nearest: |[0.00394, 0.00549]| ,std: 28.378593501509947 ,rms: 1080.1271856642868
datetime: 2014-01-01 01:00:00 ,level: 17 ,nearest: |[0.00197, 0.00275]| ,std: 28.379203510772186 ,rms: 1095.2441683965428
datetime: 2014-01-01 01:00:00 ,level: 18 ,nearest: |[0.00098, 0.00137]| ,std: 28.379025252710839 ,rms: 1099.5940376331539
datetime: 2014-01-01 01:00:00 ,level: 6 ,nearest: |[4.0882, 5.625]| ,std: 0.0 ,rms: nan
datetime: 2014-01-01 01:00:00 ,level: 7 ,nearest: |[2.0441, 2.8125]| ,std: 13.941180555180152 ,rms: nan
datetime: 2014-01-01 01:00:00 ,level: 8 ,nearest: |[1.0146, 1.40625]| ,std: 21.422279723944929 ,rms: nan
datetime: 2014-01-01 01:00:00 ,level: 9 ,nearest: |[0.50541, 0.70312]| ,std: 28.755687767304803 ,rms: nan
datetime: 2014-01-01 01:00:00 ,level: 10 ,nearest: |[0.25223, 0.35156]| ,std: 28.347397795099493 ,rms: nan
datetime: 2014-01-01 01:00:00 ,level: 11 ,nearest: |[0.12612, 0.17578]| ,std: 28.472651579379654 ,rms: nan
datetime: 2014-01-01 01:00:00 ,level: 12 ,nearest: |[0.06303, 0.08789]| ,std: 28.620536356023457 ,rms: nan
datetime: 2014-01-01 01:00:00 ,level: 13 ,nearest: |[0.03151, 0.04395]| ,std: 28.653101618610517 ,rms: nan
datetime: 2014-01-01 01:00:00 ,level: 14 ,nearest: |[0.01575, 0.02197]| ,std: 28.63946842741866 ,rms: nan
datetime: 2014-01-01 01:00:00 ,level: 15 ,nearest: |[0.00788, 0.01099]| ,std: 28.641322522533155 ,rms: nan
datetime: 2014-01-01 01:00:00 ,level: 16 ,nearest: |[0.00394, 0.00549]| ,std: 28.637403759316832 ,rms: nan
datetime: 2014-01-01 01:00:00 ,level: 17 ,nearest: |[0.00197, 0.00275]| ,std: 28.637986908080748 ,rms: 2598.7115948043256
datetime: 2014-01-01 01:00:00 ,level: 18 ,nearest: |[0.00098, 0.00137]| ,std: 28.637811436034937 ,rms: 2606.1880807005564
datetime: 2014-01-01 01:00:00 ,level: 6 ,nearest: |[4.0882, 5.625]| ,std: 0.0 ,rms: nan
datetime: 2014-01-01 01:00:00 ,level: 7 ,nearest: |[2.0441, 2.8125]| ,std: 11.0748224601865 ,rms: nan
datetime: 2014-01-01 01:00:00 ,level: 8 ,nearest: |[1.0146, 1.40625]| ,std: 22.863103342768859 ,rms: nan
datetime: 2014-01-01 01:00:00 ,level: 9 ,nearest: |[0.50541, 0.70312]| ,std: 28.170665073685516 ,rms: nan
datetime: 2014-01-01 01:00:00 ,level: 10 ,nearest: |[0.25223, 0.35156]| ,std: 27.442589260761842 ,rms: nan
datetime: 2014-01-01 01:00:00 ,level: 11 ,nearest: |[0.12612, 0.17578]| ,std: 27.462460023749426 ,rms: nan
datetime: 2014-01-01 01:00:00 ,level: 12 ,nearest: |[0.06303, 0.08789]| ,std: 27.643708515479744 ,rms: nan
datetime: 2014-01-01 01:00:00 ,level: 13 ,nearest: |[0.03151, 0.04395]| ,std: 27.661616378778536 ,rms: nan
datetime: 2014-01-01 01:00:00 ,level: 14 ,nearest: |[0.01575, 0.02197]| ,std: 27.642312880027557 ,rms: nan
datetime: 2014-01-01 01:00:00 ,level: 15 ,nearest: |[0.00788, 0.01099]| ,std: 27.646950301970303 ,rms: nan
datetime: 2014-01-01 01:00:00 ,level: 16 ,nearest: |[0.00394, 0.00549]| ,std: 27.647489267909943 ,rms: nan
datetime: 2014-01-01 01:00:00 ,level: 17 ,nearest: |[0.00197, 0.00275]| ,std: 27.64770763943238 ,rms: nan
datetime: 2014-01-01 01:00:00 ,level: 18 ,nearest: |[0.00098, 0.00137]| ,std: 27.647748400026632 ,rms: nan
datetime: 2014-01-01 01:00:00 ,level: 6 ,nearest: |[4.0882, 5.625]| ,std: 0.0 ,rms: nan
datetime: 2014-01-01 01:00:00 ,level: 7 ,nearest: |[2.0441, 2.8125]| ,std: 11.601659674330945 ,rms: nan
datetime: 2014-01-01 01:00:00 ,level: 8 ,nearest: |[1.0146, 1.40625]| ,std: 21.626080006301596 ,rms: nan
datetime: 2014-01-01 01:00:00 ,level: 9 ,nearest: |[0.50541, 0.70312]| ,std: 28.661907562398127 ,rms: nan
datetime: 2014-01-01 01:00:00 ,level: 10 ,nearest: |[0.25223, 0.35156]| ,std: 27.687273349873376 ,rms: nan
datetime: 2014-01-01 01:00:00 ,level: 11 ,nearest: |[0.12612, 0.17578]| ,std: 27.832763300240796 ,rms: nan
datetime: 2014-01-01 01:00:00 ,level: 12 ,nearest: |[0.06303, 0.08789]| ,std: 28.020912450672608 ,rms: nan
datetime: 2014-01-01 01:00:00 ,level: 13 ,nearest: |[0.03151, 0.04395]| ,std: 28.062045406215638 ,rms: nan
datetime: 2014-01-01 01:00:00 ,level: 14 ,nearest: |[0.01575, 0.02197]| ,std: 28.049511488389403 ,rms: nan
datetime: 2014-01-01 01:00:00 ,level: 15 ,nearest: |[0.00788, 0.01099]| ,std: 28.050826882227881 ,rms: nan
datetime: 2014-01-01 01:00:00 ,level: 16 ,nearest: |[0.00394, 0.00549]| ,std: 28.065650777623411 ,rms: nan
datetime: 2014-01-01 01:00:00 ,level: 17 ,nearest: |[0.00197, 0.00275]| ,std: 28.067779880815991 ,rms: nan
datetime: 2014-01-01 01:00:00 ,level: 18 ,nearest: |[0.00098, 0.00137]| ,std: 28.065036400398668 ,rms: nan
datetime: 2014-01-01 02:00:00 ,level: 6 ,nearest: |[4.0882, 5.625]| ,std: 0.0 ,rms: nan
datetime: 2014-01-01 02:00:00 ,level: 7 ,nearest: |[2.0441, 2.8125]| ,std: 14.602065174391992 ,rms: nan
datetime: 2014-01-01 02:00:00 ,level: 8 ,nearest: |[1.0146, 1.40625]| ,std: 23.050329374335831 ,rms: nan
datetime: 2014-01-01 02:00:00 ,level: 9 ,nearest: |[0.50541, 0.70312]| ,std: 28.948212827224747 ,rms: nan
datetime: 2014-01-01 02:00:00 ,level: 10 ,nearest: |[0.25223, 0.35156]| ,std: 28.612602276560786 ,rms: nan
datetime: 2014-01-01 02:00:00 ,level: 11 ,nearest: |[0.12612, 0.17578]| ,std: 28.771156713229889 ,rms: nan
datetime: 2014-01-01 02:00:00 ,level: 12 ,nearest: |[0.06303, 0.08789]| ,std: 28.780011410719577 ,rms: nan
datetime: 2014-01-01 02:00:00 ,level: 13 ,nearest: |[0.03151, 0.04395]| ,std: 28.772542113156284 ,rms: nan
datetime: 2014-01-01 02:00:00 ,level: 14 ,nearest: |[0.01575, 0.02197]| ,std: 28.765298339327845 ,rms: nan
datetime: 2014-01-01 02:00:00 ,level: 15 ,nearest: |[0.00788, 0.01099]| ,std: 28.765310393877172 ,rms: nan
datetime: 2014-01-01 02:00:00 ,level: 16 ,nearest: |[0.00394, 0.00549]| ,std: 28.763231442626498 ,rms: nan
datetime: 2014-01-01 02:00:00 ,level: 17 ,nearest: |[0.00197, 0.00275]| ,std: 28.763301021868834 ,rms: nan
datetime: 2014-01-01 02:00:00 ,level: 18 ,nearest: |[0.00098, 0.00137]| ,std: 28.763280302905656 ,rms: nan
datetime: 2014-01-01 02:00:00 ,level: 6 ,nearest: |[4.0882, 5.625]| ,std: 0.0 ,rms: nan
datetime: 2014-01-01 02:00:00 ,level: 7 ,nearest: |[2.0441, 2.8125]| ,std: 8.8664632088718491 ,rms: nan
datetime: 2014-01-01 02:00:00 ,level: 8 ,nearest: |[1.0146, 1.40625]| ,std: 38.432455123698745 ,rms: nan
datetime: 2014-01-01 02:00:00 ,level: 9 ,nearest: |[0.50541, 0.70312]| ,std: 32.303706338815559 ,rms: nan
datetime: 2014-01-01 02:00:00 ,level: 10 ,nearest: |[0.25223, 0.35156]| ,std: 31.201588115645333 ,rms: nan
datetime: 2014-01-01 02:00:00 ,level: 11 ,nearest: |[0.12612, 0.17578]| ,std: 31.011947773005556 ,rms: nan
datetime: 2014-01-01 02:00:00 ,level: 12 ,nearest: |[0.06303, 0.08789]| ,std: 31.046703808455099 ,rms: nan
datetime: 2014-01-01 02:00:00 ,level: 13 ,nearest: |[0.03151, 0.04395]| ,std: 31.013482688869566 ,rms: 3006.0183747169099
datetime: 2014-01-01 02:00:00 ,level: 14 ,nearest: |[0.01575, 0.02197]| ,std: 31.005952511597691 ,rms: 3339.7407358071737
datetime: 2014-01-01 02:00:00 ,level: 15 ,nearest: |[0.00788, 0.01099]| ,std: 31.006514084716443 ,rms: 3214.6712348824531
datetime: 2014-01-01 02:00:00 ,level: 16 ,nearest: |[0.00394, 0.00549]| ,std: 31.00420174982861 ,rms: 3368.2194212207191
datetime: 2014-01-01 02:00:00 ,level: 17 ,nearest: |[0.00197, 0.00275]| ,std: 31.004299528147456 ,rms: 3413.0620741739358
datetime: 2014-01-01 02:00:00 ,level: 18 ,nearest: |[0.00098, 0.00137]| ,std: 31.004200154609581 ,rms: 3444.1833279581233
datetime: 2014-01-01 02:00:00 ,level: 6 ,nearest: |[4.0882, 5.625]| ,std: 0.0 ,rms: nan
datetime: 2014-01-01 02:00:00 ,level: 7 ,nearest: |[2.0441, 2.8125]| ,std: 12.039854435763552 ,rms: nan
datetime: 2014-01-01 02:00:00 ,level: 8 ,nearest: |[1.0146, 1.40625]| ,std: 24.895269193415473 ,rms: nan
datetime: 2014-01-01 02:00:00 ,level: 9 ,nearest: |[0.50541, 0.70312]| ,std: 29.2807353636125 ,rms: nan
datetime: 2014-01-01 02:00:00 ,level: 10 ,nearest: |[0.25223, 0.35156]| ,std: 28.845269755889387 ,rms: nan
datetime: 2014-01-01 02:00:00 ,level: 11 ,nearest: |[0.12612, 0.17578]| ,std: 29.005829187728803 ,rms: nan
datetime: 2014-01-01 02:00:00 ,level: 12 ,nearest: |[0.06303, 0.08789]| ,std: 29.063913876510227 ,rms: nan
datetime: 2014-01-01 02:00:00 ,level: 13 ,nearest: |[0.03151, 0.04395]| ,std: 29.047225119048829 ,rms: nan
datetime: 2014-01-01 02:00:00 ,level: 14 ,nearest: |[0.01575, 0.02197]| ,std: 29.040349700588635 ,rms: nan
datetime: 2014-01-01 02:00:00 ,level: 15 ,nearest: |[0.00788, 0.01099]| ,std: 29.041807615778406 ,rms: nan
datetime: 2014-01-01 02:00:00 ,level: 16 ,nearest: |[0.00394, 0.00549]| ,std: 29.039282804585842 ,rms: nan
datetime: 2014-01-01 02:00:00 ,level: 17 ,nearest: |[0.00197, 0.00275]| ,std: 29.039415029736123 ,rms: nan
datetime: 2014-01-01 02:00:00 ,level: 18 ,nearest: |[0.00098, 0.00137]| ,std: 29.039300477279905 ,rms: nan
datetime: 2014-01-01 02:00:00 ,level: 6 ,nearest: |[4.0882, 5.625]| ,std: 0.0 ,rms: nan
datetime: 2014-01-01 02:00:00 ,level: 7 ,nearest: |[2.0441, 2.8125]| ,std: 8.8664632088718491 ,rms: nan
datetime: 2014-01-01 02:00:00 ,level: 8 ,nearest: |[1.0146, 1.40625]| ,std: 17.035716528737879 ,rms: nan
datetime: 2014-01-01 02:00:00 ,level: 9 ,nearest: |[0.50541, 0.70312]| ,std: 20.025755518395023 ,rms: nan
datetime: 2014-01-01 02:00:00 ,level: 10 ,nearest: |[0.25223, 0.35156]| ,std: 19.855372138553701 ,rms: nan
datetime: 2014-01-01 02:00:00 ,level: 11 ,nearest: |[0.12612, 0.17578]| ,std: 19.640939039945106 ,rms: nan
datetime: 2014-01-01 02:00:00 ,level: 12 ,nearest: |[0.06303, 0.08789]| ,std: 19.778113022887158 ,rms: nan
datetime: 2014-01-01 02:00:00 ,level: 13 ,nearest: |[0.03151, 0.04395]| ,std: 19.863068734001398 ,rms: nan
datetime: 2014-01-01 02:00:00 ,level: 14 ,nearest: |[0.01575, 0.02197]| ,std: 19.863138178930029 ,rms: nan
datetime: 2014-01-01 02:00:00 ,level: 15 ,nearest: |[0.00788, 0.01099]| ,std: 19.864889225342978 ,rms: nan
datetime: 2014-01-01 02:00:00 ,level: 16 ,nearest: |[0.00394, 0.00549]| ,std: 19.860987759938677 ,rms: nan
datetime: 2014-01-01 02:00:00 ,level: 17 ,nearest: |[0.00197, 0.00275]| ,std: 19.861382126180459 ,rms: nan
datetime: 2014-01-01 02:00:00 ,level: 18 ,nearest: |[0.00098, 0.00137]| ,std: 19.86121630264347 ,rms: nan
datetime: 2014-01-01 02:00:00 ,level: 6 ,nearest: |[4.0882, 5.625]| ,std: 0.0 ,rms: nan
datetime: 2014-01-01 02:00:00 ,level: 7 ,nearest: |[2.0441, 2.8125]| ,std: 8.9469168353364505 ,rms: nan
datetime: 2014-01-01 02:00:00 ,level: 8 ,nearest: |[1.0146, 1.40625]| ,std: 34.542857372410076 ,rms: nan
datetime: 2014-01-01 02:00:00 ,level: 9 ,nearest: |[0.50541, 0.70312]| ,std: 24.671527832172483 ,rms: nan
datetime: 2014-01-01 02:00:00 ,level: 10 ,nearest: |[0.25223, 0.35156]| ,std: 23.670041404250664 ,rms: 4225.178317450639
datetime: 2014-01-01 02:00:00 ,level: 11 ,nearest: |[0.12612, 0.17578]| ,std: 23.168885212887584 ,rms: 4146.7519000467937
datetime: 2014-01-01 02:00:00 ,level: 12 ,nearest: |[0.06303, 0.08789]| ,std: 23.3051135549055 ,rms: 4752.1058924149538
datetime: 2014-01-01 02:00:00 ,level: 13 ,nearest: |[0.03151, 0.04395]| ,std: 23.305609062170618 ,rms: 6028.3943266483166
datetime: 2014-01-01 02:00:00 ,level: 14 ,nearest: |[0.01575, 0.02197]| ,std: 23.299048823131621 ,rms: 6359.3044699149496
datetime: 2014-01-01 02:00:00 ,level: 15 ,nearest: |[0.00788, 0.01099]| ,std: 23.301873858085234 ,rms: 6223.6603013213116
datetime: 2014-01-01 02:00:00 ,level: 16 ,nearest: |[0.00394, 0.00549]| ,std: 23.298188555159545 ,rms: 6402.3530120056548
datetime: 2014-01-01 02:00:00 ,level: 17 ,nearest: |[0.00197, 0.00275]| ,std: 23.298481105624866 ,rms: 6466.6975909512939
datetime: 2014-01-01 02:00:00 ,level: 18 ,nearest: |[0.00098, 0.00137]| ,std: 23.298346115655267 ,rms: 6495.5864800392592
datetime: 2014-01-01 03:00:00 ,level: 6 ,nearest: |[4.0882, 5.625]| ,std: 0.0 ,rms: nan
datetime: 2014-01-01 03:00:00 ,level: 7 ,nearest: |[2.0441, 2.8125]| ,std: 7.9295168761846746 ,rms: nan
datetime: 2014-01-01 03:00:00 ,level: 8 ,nearest: |[1.0146, 1.40625]| ,std: 22.556312754242828 ,rms: nan
datetime: 2014-01-01 03:00:00 ,level: 9 ,nearest: |[0.50541, 0.70312]| ,std: 26.610329611584998 ,rms: nan
datetime: 2014-01-01 03:00:00 ,level: 10 ,nearest: |[0.25223, 0.35156]| ,std: 25.833628189729865 ,rms: nan
datetime: 2014-01-01 03:00:00 ,level: 11 ,nearest: |[0.12612, 0.17578]| ,std: 25.869110104377242 ,rms: nan
datetime: 2014-01-01 03:00:00 ,level: 12 ,nearest: |[0.06303, 0.08789]| ,std: 25.891438035588937 ,rms: nan
datetime: 2014-01-01 03:00:00 ,level: 13 ,nearest: |[0.03151, 0.04395]| ,std: 25.864012996981529 ,rms: nan
datetime: 2014-01-01 03:00:00 ,level: 14 ,nearest: |[0.01575, 0.02197]| ,std: 25.858162853332107 ,rms: nan
datetime: 2014-01-01 03:00:00 ,level: 15 ,nearest: |[0.00788, 0.01099]| ,std: 25.860318457599824 ,rms: nan
datetime: 2014-01-01 03:00:00 ,level: 16 ,nearest: |[0.00394, 0.00549]| ,std: 25.858229907534792 ,rms: nan
datetime: 2014-01-01 03:00:00 ,level: 17 ,nearest: |[0.00197, 0.00275]| ,std: 25.858269027947028 ,rms: nan
datetime: 2014-01-01 03:00:00 ,level: 18 ,nearest: |[0.00098, 0.00137]| ,std: 25.858222370808242 ,rms: nan
datetime: 2014-01-01 03:00:00 ,level: 6 ,nearest: |[4.0882, 5.625]| ,std: 0.0 ,rms: nan
datetime: 2014-01-01 03:00:00 ,level: 7 ,nearest: |[2.0441, 2.8125]| ,std: 7.3046046645273233 ,rms: nan
datetime: 2014-01-01 03:00:00 ,level: 8 ,nearest: |[1.0146, 1.40625]| ,std: 20.950230643913674 ,rms: nan
datetime: 2014-01-01 03:00:00 ,level: 9 ,nearest: |[0.50541, 0.70312]| ,std: 25.245955527738865 ,rms: nan
datetime: 2014-01-01 03:00:00 ,level: 10 ,nearest: |[0.25223, 0.35156]| ,std: 24.132111311218793 ,rms: 1105.4248059057697
datetime: 2014-01-01 03:00:00 ,level: 11 ,nearest: |[0.12612, 0.17578]| ,std: 24.20952027131505 ,rms: 988.07054478685279
datetime: 2014-01-01 03:00:00 ,level: 12 ,nearest: |[0.06303, 0.08789]| ,std: 24.226738116381867 ,rms: 575.40088134530265
datetime: 2014-01-01 03:00:00 ,level: 13 ,nearest: |[0.03151, 0.04395]| ,std: 24.201788229245746 ,rms: nan
datetime: 2014-01-01 03:00:00 ,level: 14 ,nearest: |[0.01575, 0.02197]| ,std: 24.190007931100791 ,rms: nan
datetime: 2014-01-01 03:00:00 ,level: 15 ,nearest: |[0.00788, 0.01099]| ,std: 24.190756693186582 ,rms: nan
datetime: 2014-01-01 03:00:00 ,level: 16 ,nearest: |[0.00394, 0.00549]| ,std: 24.194726505173204 ,rms: nan
datetime: 2014-01-01 03:00:00 ,level: 17 ,nearest: |[0.00197, 0.00275]| ,std: 24.195842195986494 ,rms: nan
datetime: 2014-01-01 03:00:00 ,level: 18 ,nearest: |[0.00098, 0.00137]| ,std: 24.194460380521171 ,rms: nan
datetime: 2014-01-01 03:00:00 ,level: 6 ,nearest: |[4.0882, 5.625]| ,std: 0.0 ,rms: nan
datetime: 2014-01-01 03:00:00 ,level: 7 ,nearest: |[2.0441, 2.8125]| ,std: 7.3046046645273242 ,rms: nan
datetime: 2014-01-01 03:00:00 ,level: 8 ,nearest: |[1.0146, 1.40625]| ,std: 20.942823853283617 ,rms: nan
datetime: 2014-01-01 03:00:00 ,level: 9 ,nearest: |[0.50541, 0.70312]| ,std: 25.211417082591801 ,rms: nan
datetime: 2014-01-01 03:00:00 ,level: 10 ,nearest: |[0.25223, 0.35156]| ,std: 24.421676282976829 ,rms: nan
datetime: 2014-01-01 03:00:00 ,level: 11 ,nearest: |[0.12612, 0.17578]| ,std: 24.469390617581805 ,rms: nan
datetime: 2014-01-01 03:00:00 ,level: 12 ,nearest: |[0.06303, 0.08789]| ,std: 24.47941121262042 ,rms: nan
datetime: 2014-01-01 03:00:00 ,level: 13 ,nearest: |[0.03151, 0.04395]| ,std: 24.450482584304353 ,rms: nan
datetime: 2014-01-01 03:00:00 ,level: 14 ,nearest: |[0.01575, 0.02197]| ,std: 24.444890233794169 ,rms: nan
datetime: 2014-01-01 03:00:00 ,level: 15 ,nearest: |[0.00788, 0.01099]| ,std: 24.447650748575249 ,rms: nan
datetime: 2014-01-01 03:00:00 ,level: 16 ,nearest: |[0.00394, 0.00549]| ,std: 24.445398987589712 ,rms: nan
datetime: 2014-01-01 03:00:00 ,level: 17 ,nearest: |[0.00197, 0.00275]| ,std: 24.445430483237864 ,rms: nan
datetime: 2014-01-01 03:00:00 ,level: 18 ,nearest: |[0.00098, 0.00137]| ,std: 24.445378610648003 ,rms: nan
datetime: 2014-01-01 03:00:00 ,level: 6 ,nearest: |[4.0882, 5.625]| ,std: 0.0 ,rms: nan
datetime: 2014-01-01 03:00:00 ,level: 7 ,nearest: |[2.0441, 2.8125]| ,std: 12.017247493958338 ,rms: nan
datetime: 2014-01-01 03:00:00 ,level: 8 ,nearest: |[1.0146, 1.40625]| ,std: 23.055109202284889 ,rms: nan
datetime: 2014-01-01 03:00:00 ,level: 9 ,nearest: |[0.50541, 0.70312]| ,std: 27.023387116975872 ,rms: nan
datetime: 2014-01-01 03:00:00 ,level: 10 ,nearest: |[0.25223, 0.35156]| ,std: 26.181589329775637 ,rms: nan
datetime: 2014-01-01 03:00:00 ,level: 11 ,nearest: |[0.12612, 0.17578]| ,std: 26.192581140996783 ,rms: nan
datetime: 2014-01-01 03:00:00 ,level: 12 ,nearest: |[0.06303, 0.08789]| ,std: 26.228944991158805 ,rms: nan
datetime: 2014-01-01 03:00:00 ,level: 13 ,nearest: |[0.03151, 0.04395]| ,std: 26.191787685378589 ,rms: nan
datetime: 2014-01-01 03:00:00 ,level: 14 ,nearest: |[0.01575, 0.02197]| ,std: 26.186553154102221 ,rms: nan
datetime: 2014-01-01 03:00:00 ,level: 15 ,nearest: |[0.00788, 0.01099]| ,std: 26.188513290232599 ,rms: nan
datetime: 2014-01-01 03:00:00 ,level: 16 ,nearest: |[0.00394, 0.00549]| ,std: 26.186642593848045 ,rms: 1084.4305239780492
datetime: 2014-01-01 03:00:00 ,level: 17 ,nearest: |[0.00197, 0.00275]| ,std: 26.186657137083976 ,rms: 1073.9746665752562
datetime: 2014-01-01 03:00:00 ,level: 18 ,nearest: |[0.00098, 0.00137]| ,std: 26.186603519675135 ,rms: 1069.2516875923043
datetime: 2014-01-01 03:00:00 ,level: 6 ,nearest: |[4.0882, 5.625]| ,std: 0.0 ,rms: nan
datetime: 2014-01-01 03:00:00 ,level: 7 ,nearest: |[2.0441, 2.8125]| ,std: 7.5287887221924219 ,rms: nan
datetime: 2014-01-01 03:00:00 ,level: 8 ,nearest: |[1.0146, 1.40625]| ,std: 22.556728253363119 ,rms: nan
datetime: 2014-01-01 03:00:00 ,level: 9 ,nearest: |[0.50541, 0.70312]| ,std: 27.040180132452964 ,rms: nan
datetime: 2014-01-01 03:00:00 ,level: 10 ,nearest: |[0.25223, 0.35156]| ,std: 26.238423467726562 ,rms: nan
datetime: 2014-01-01 03:00:00 ,level: 11 ,nearest: |[0.12612, 0.17578]| ,std: 26.251190684570691 ,rms: nan
datetime: 2014-01-01 03:00:00 ,level: 12 ,nearest: |[0.06303, 0.08789]| ,std: 26.277778665899117 ,rms: nan
datetime: 2014-01-01 03:00:00 ,level: 13 ,nearest: |[0.03151, 0.04395]| ,std: 26.241845375691533 ,rms: nan
datetime: 2014-01-01 03:00:00 ,level: 14 ,nearest: |[0.01575, 0.02197]| ,std: 26.236537944335424 ,rms: nan
datetime: 2014-01-01 03:00:00 ,level: 15 ,nearest: |[0.00788, 0.01099]| ,std: 26.238607417427342 ,rms: nan
datetime: 2014-01-01 03:00:00 ,level: 16 ,nearest: |[0.00394, 0.00549]| ,std: 26.236634819535897 ,rms: 562.40222001252948
datetime: 2014-01-01 03:00:00 ,level: 17 ,nearest: |[0.00197, 0.00275]| ,std: 26.236651856119792 ,rms: 562.3824467886941
datetime: 2014-01-01 03:00:00 ,level: 18 ,nearest: |[0.00098, 0.00137]| ,std: 26.236597469191089 ,rms: 564.12668416548081
datetime: 2014-01-01 04:00:00 ,level: 6 ,nearest: |[4.0882, 5.625]| ,std: 0.0 ,rms: nan
datetime: 2014-01-01 04:00:00 ,level: 7 ,nearest: |[2.0441, 2.8125]| ,std: 8.6434524643468293 ,rms: nan
datetime: 2014-01-01 04:00:00 ,level: 8 ,nearest: |[1.0146, 1.40625]| ,std: 27.733761702406643 ,rms: nan
datetime: 2014-01-01 04:00:00 ,level: 9 ,nearest: |[0.50541, 0.70312]| ,std: 23.177117375590647 ,rms: nan
datetime: 2014-01-01 04:00:00 ,level: 10 ,nearest: |[0.25223, 0.35156]| ,std: 22.860753191318729 ,rms: nan
datetime: 2014-01-01 04:00:00 ,level: 11 ,nearest: |[0.12612, 0.17578]| ,std: 22.506244634714012 ,rms: nan
datetime: 2014-01-01 04:00:00 ,level: 12 ,nearest: |[0.06303, 0.08789]| ,std: 22.618334512145292 ,rms: nan
datetime: 2014-01-01 04:00:00 ,level: 13 ,nearest: |[0.03151, 0.04395]| ,std: 22.620484904840652 ,rms: 2687.6673081263334
datetime: 2014-01-01 04:00:00 ,level: 14 ,nearest: |[0.01575, 0.02197]| ,std: 22.616022103199324 ,rms: 2884.389346608818
datetime: 2014-01-01 04:00:00 ,level: 15 ,nearest: |[0.00788, 0.01099]| ,std: 22.617450194439535 ,rms: 2858.2198962756443
datetime: 2014-01-01 04:00:00 ,level: 16 ,nearest: |[0.00394, 0.00549]| ,std: 22.616644406238034 ,rms: 2920.1418193866562
datetime: 2014-01-01 04:00:00 ,level: 17 ,nearest: |[0.00197, 0.00275]| ,std: 22.616617404437921 ,rms: 2940.4951108842511
datetime: 2014-01-01 04:00:00 ,level: 18 ,nearest: |[0.00098, 0.00137]| ,std: 22.616594996977842 ,rms: 2956.1507380084149
datetime: 2014-01-01 04:00:00 ,level: 6 ,nearest: |[4.0882, 5.625]| ,std: 0.0 ,rms: nan
datetime: 2014-01-01 04:00:00 ,level: 7 ,nearest: |[2.0441, 2.8125]| ,std: 8.3137783665466625 ,rms: nan
datetime: 2014-01-01 04:00:00 ,level: 8 ,nearest: |[1.0146, 1.40625]| ,std: 16.600998094497999 ,rms: nan
datetime: 2014-01-01 04:00:00 ,level: 9 ,nearest: |[0.50541, 0.70312]| ,std: 20.126763408851176 ,rms: nan
datetime: 2014-01-01 04:00:00 ,level: 10 ,nearest: |[0.25223, 0.35156]| ,std: 19.572362720170229 ,rms: nan
datetime: 2014-01-01 04:00:00 ,level: 11 ,nearest: |[0.12612, 0.17578]| ,std: 19.5800796961869 ,rms: nan
datetime: 2014-01-01 04:00:00 ,level: 12 ,nearest: |[0.06303, 0.08789]| ,std: 19.624283919679456 ,rms: nan
datetime: 2014-01-01 04:00:00 ,level: 13 ,nearest: |[0.03151, 0.04395]| ,std: 19.613934783026124 ,rms: nan
datetime: 2014-01-01 04:00:00 ,level: 14 ,nearest: |[0.01575, 0.02197]| ,std: 19.609962509369815 ,rms: nan
datetime: 2014-01-01 04:00:00 ,level: 15 ,nearest: |[0.00788, 0.01099]| ,std: 19.611771070534552 ,rms: nan
datetime: 2014-01-01 04:00:00 ,level: 16 ,nearest: |[0.00394, 0.00549]| ,std: 19.610641746036897 ,rms: nan
datetime: 2014-01-01 04:00:00 ,level: 17 ,nearest: |[0.00197, 0.00275]| ,std: 19.610689402538892 ,rms: nan
datetime: 2014-01-01 04:00:00 ,level: 18 ,nearest: |[0.00098, 0.00137]| ,std: 19.610671082699199 ,rms: nan
datetime: 2014-01-01 04:00:00 ,level: 6 ,nearest: |[4.0882, 5.625]| ,std: 0.0 ,rms: nan
datetime: 2014-01-01 04:00:00 ,level: 7 ,nearest: |[2.0441, 2.8125]| ,std: 7.2237850010180829 ,rms: nan
datetime: 2014-01-01 04:00:00 ,level: 8 ,nearest: |[1.0146, 1.40625]| ,std: 16.740307085416969 ,rms: nan
datetime: 2014-01-01 04:00:00 ,level: 9 ,nearest: |[0.50541, 0.70312]| ,std: 19.80157590221928 ,rms: nan
datetime: 2014-01-01 04:00:00 ,level: 10 ,nearest: |[0.25223, 0.35156]| ,std: 18.999485843730699 ,rms: nan
datetime: 2014-01-01 04:00:00 ,level: 11 ,nearest: |[0.12612, 0.17578]| ,std: 19.067401467712916 ,rms: nan
datetime: 2014-01-01 04:00:00 ,level: 12 ,nearest: |[0.06303, 0.08789]| ,std: 19.141071919117138 ,rms: nan
datetime: 2014-01-01 04:00:00 ,level: 13 ,nearest: |[0.03151, 0.04395]| ,std: 19.129182590200664 ,rms: nan
datetime: 2014-01-01 04:00:00 ,level: 14 ,nearest: |[0.01575, 0.02197]| ,std: 19.12555115309307 ,rms: nan
datetime: 2014-01-01 04:00:00 ,level: 15 ,nearest: |[0.00788, 0.01099]| ,std: 19.127774801090304 ,rms: nan
datetime: 2014-01-01 04:00:00 ,level: 16 ,nearest: |[0.00394, 0.00549]| ,std: 19.126351819267676 ,rms: nan
datetime: 2014-01-01 04:00:00 ,level: 17 ,nearest: |[0.00197, 0.00275]| ,std: 19.126449094742657 ,rms: nan
datetime: 2014-01-01 04:00:00 ,level: 18 ,nearest: |[0.00098, 0.00137]| ,std: 19.126406000377742 ,rms: nan
